Product_Line,Product_Name,Size,ProductID
Training,SuperRep Go,M,1
Training,SuperRep Go,Unknown,2
Soccer,Tiempo Legend,M,3
Soccer,Tiempo Legend,L,4
Lifestyle,Blazer Mid,L,5
Lifestyle,Blazer Mid,Unknown,6
Soccer,Premier III,M,7
Soccer,Premier III,XL,8
Training,Flex Trainer,M,9
Training,Flex Trainer,L,10
Running,React Infinity,XL,11
Running,React Infinity,XL,12
Lifestyle,Waffle One,L,13
Basketball,Air Jordan,Unknown,14
Basketball,Air Jordan,M,15
Basketball,Air Jordan,M,16
Running,Air Zoom,S,17
Running,Free RN,L,18
Soccer,Mercurial Superfly,M,19
Lifestyle,Waffle One,M,20
Training,SuperRep Go,XL,21
Basketball,Kyrie Flytrap,M,22
Lifestyle,Blazer Mid,XL,23
Basketball,Zoom Freak,XL,24
Training,Flex Trainer,XL,25
Training,ZoomX Invincible,XL,26
Soccer,Phantom GT,XL,27
Soccer,Premier III,Unknown,28
Soccer,Mercurial Superfly,XL,29
Basketball,Air Jordan,S,30
Basketball,Zoom Freak,Unknown,31
Training,Metcon 7,Unknown,32
Running,Pegasus Turbo,S,33
Running,Free RN,Unknown,34
Soccer,Tiempo Legend,XL,35
Basketball,Kyrie Flytrap,L,36
Soccer,Premier III,XL,37
Lifestyle,Dunk Low,XL,38
Running,Air Zoom,XL,39
Training,SuperRep Go,L,40
Basketball,Air Jordan,XL,41
Running,Air Zoom,L,42
Training,Flex Trainer,L,43
Lifestyle,Air Force 1,XL,44
Training,Flex Trainer,XL,45
Running,React Infinity,L,46
Soccer,Phantom GT,Unknown,47
Basketball,LeBron 20,L,48
Lifestyle,Waffle One,L,49
Lifestyle,Blazer Mid,M,50
Training,Flex Trainer,Unknown,51
Lifestyle,Blazer Mid,XL,52
Basketball,Air Jordan,L,53
Training,ZoomX Invincible,XL,54
Training,ZoomX Invincible,L,55
Basketball,LeBron 20,Unknown,56
Running,Pegasus Turbo,XL,57
Training,Metcon 7,M,58
Basketball,Kyrie Flytrap,Unknown,59
Soccer,Mercurial Superfly,L,60
Running,Free RN,XL,61
Lifestyle,Dunk Low,M,62
Running,Air Zoom,XL,63
Training,ZoomX Invincible,XL,64
Soccer,Phantom GT,M,65
Basketball,LeBron 20,XL,66
Running,React Infinity,M,67
Basketball,Zoom Freak,M,68
Lifestyle,Waffle One,Unknown,69
Training,Flex Trainer,XL,70
Soccer,Phantom GT,S,71
Training,SuperRep Go,L,72
Training,Metcon 7,XL,73
Soccer,Phantom GT,XL,74
Soccer,Mercurial Superfly,Unknown,75
Running,Pegasus Turbo,L,76
Training,Metcon 7,L,77
Basketball,Zoom Freak,M,78
Soccer,Premier III,L,79
Training,Metcon 7,XL,80
Training,ZoomX Invincible,M,81
Basketball,Zoom Freak,L,82
Running,Pegasus Turbo,XL,83
Soccer,Tiempo Legend,Unknown,84
Lifestyle,Blazer Mid,S,85
Running,Pegasus Turbo,Unknown,86
Basketball,LeBron 20,M,87
Running,Free RN,M,88
Running,React Infinity,Unknown,89
Running,Air Zoom,XL,90
Lifestyle,Blazer Mid,M,91
Lifestyle,Dunk Low,S,92
Soccer,Mercurial Superfly,M,93
Lifestyle,Air Force 1,M,94
Soccer,Phantom GT,L,95
Lifestyle,Waffle One,XL,96
Basketball,Zoom Freak,XL,97
Lifestyle,Air Force 1,M,98
Basketball,Kyrie Flytrap,XL,99
Soccer,Premier III,L,100
Training,SuperRep Go,S,101
Training,SuperRep Go,XL,102
Basketball,LeBron 20,S,103
Running,Air Zoom,M,104
Soccer,Premier III,S,105
Lifestyle,Dunk Low,Unknown,106
Basketball,Kyrie Flytrap,XL,107
Lifestyle,Dunk Low,L,108
Training,Flex Trainer,M,109
Lifestyle,Dunk Low,L,110
Lifestyle,Dunk Low,M,111
Training,ZoomX Invincible,Unknown,112
Soccer,Premier III,S,113
Running,Air Zoom,M,114
Lifestyle,Waffle One,M,115
Running,Free RN,M,116
Training,Metcon 7,S,117
Running,Pegasus Turbo,M,118
Lifestyle,Air Force 1,L,119
Soccer,Mercurial Superfly,L,120
Running,React Infinity,M,121
Soccer,Phantom GT,M,122
Soccer,Phantom GT,XL,123
Lifestyle,Waffle One,S,124
Running,Free RN,S,125
Lifestyle,Waffle One,XL,126
Training,ZoomX Invincible,L,127
Soccer,Phantom GT,S,128
Soccer,Tiempo Legend,L,129
Running,Air Zoom,Unknown,130
Basketball,LeBron 20,XL,131
Training,ZoomX Invincible,M,132
Running,React Infinity,L,133
Basketball,Kyrie Flytrap,S,134
Running,Free RN,S,135
Soccer,Mercurial Superfly,M,136
Basketball,Air Jordan,L,137
Basketball,Kyrie Flytrap,XL,138
Basketball,LeBron 20,M,139
Training,Metcon 7,M,140
Basketball,Air Jordan,XL,141
Soccer,Tiempo Legend,XL,142
Basketball,Zoom Freak,M,143
Lifestyle,Blazer Mid,S,144
Lifestyle,Air Force 1,Unknown,145
Running,Free RN,M,146
Lifestyle,Air Force 1,S,147
Basketball,Kyrie Flytrap,S,148
Lifestyle,Air Force 1,L,149
Running,Pegasus Turbo,L,150
Lifestyle,Blazer Mid,M,151
Running,Free RN,L,152
Running,React Infinity,S,153
Lifestyle,Waffle One,S,154
Running,Air Zoom,S,155
Soccer,Premier III,M,156
Soccer,Premier III,XL,157
Running,Air Zoom,L,158
Running,Pegasus Turbo,M,159
Lifestyle,Waffle One,M,160
Soccer,Mercurial Superfly,S,161
Soccer,Phantom GT,L,162
Soccer,Tiempo Legend,M,163
Basketball,Zoom Freak,XL,164
Training,Metcon 7,XL,165
Training,ZoomX Invincible,M,166
Lifestyle,Dunk Low,XL,167
Running,React Infinity,M,168
Soccer,Premier III,M,169
Lifestyle,Blazer Mid,XL,170
Training,SuperRep Go,XL,171
Soccer,Phantom GT,M,172
Soccer,Mercurial Superfly,XL,173
Training,Metcon 7,M,174
Basketball,Kyrie Flytrap,L,175
Basketball,Zoom Freak,S,176
Lifestyle,Air Force 1,M,177
Training,Flex Trainer,M,178
Lifestyle,Air Force 1,XL,179
Basketball,Air Jordan,XL,180
Basketball,LeBron 20,S,181
Soccer,Mercurial Superfly,S,182
Lifestyle,Blazer Mid,L,183
Lifestyle,Dunk Low,XL,184
Running,Free RN,XL,185
Training,Flex Trainer,S,186
Basketball,Kyrie Flytrap,M,187
Training,ZoomX Invincible,S,188
Soccer,Tiempo Legend,XL,189
Basketball,Air Jordan,M,190
Training,Flex Trainer,S,191
Soccer,Tiempo Legend,M,192
Lifestyle,Air Force 1,XL,193
Soccer,Tiempo Legend,S,194
Basketball,Zoom Freak,L,195
Lifestyle,Air Force 1,S,196
Basketball,Kyrie Flytrap,M,197
Soccer,Mercurial Superfly,XL,198
Training,SuperRep Go,M,199
Training,SuperRep Go,M,200
Running,React Infinity,S,201
Training,SuperRep Go,S,202
Running,Pegasus Turbo,S,203
Training,Metcon 7,L,204
Running,Pegasus Turbo,M,205
Soccer,Tiempo Legend,S,206
Training,Metcon 7,S,207
Basketball,LeBron 20,XL,208
Basketball,Air Jordan,S,209
Running,Free RN,XL,210
Running,React Infinity,XL,211
Lifestyle,Dunk Low,M,212
Basketball,LeBron 20,M,213
Basketball,LeBron 20,L,214
Running,Air Zoom,M,215
Training,ZoomX Invincible,S,216
Lifestyle,Waffle One,XL,217
