Order_Date,Year,Month,Month Name,DateID
09-Mar-24,2024,3,March,1
19-Sep-24,2024,9,September,4
09-Jul-24,2024,7,July,5
04-Oct-24,2024,10,October,7
13-Nov-24,2024,11,November,8
11-Oct-24,2024,10,October,9
12-Sep-24,2024,9,September,10
19-Nov-24,2024,11,November,16
24-Sep-24,2024,9,September,17
28-Dec-24,2024,12,December,19
10-Aug-24,2024,8,August,20
09-May-24,2024,5,May,23
17-Nov-24,2024,11,November,26
02-May-24,2024,5,May,31
13-Jun-24,2024,6,June,34
27-Oct-24,2024,10,October,35
05-Jan-24,2024,1,January,36
08-Oct-24,2024,10,October,37
02-Oct-24,2024,10,October,38
26-Oct-24,2024,10,October,40
31-May-24,2024,5,May,41
11-Jul-24,2024,7,July,43
10-Sep-24,2024,9,September,44
06-Sep-24,2024,9,September,46
11-Feb-24,2024,2,February,48
10-Dec-24,2024,12,December,49
05-Dec-24,2024,12,December,51
03-Nov-24,2024,11,November,53
13-Oct-24,2024,10,October,54
14-Oct-24,2024,10,October,58
17-Dec-24,2024,12,December,60
01-Nov-24,2024,11,November,61
02-Dec-24,2024,12,December,63
10-Nov-24,2024,11,November,64
16-Oct-24,2024,10,October,65
24-Dec-24,2024,12,December,66
24-Jan-24,2024,1,January,67
30-Aug-24,2024,8,August,73
15-Nov-24,2024,11,November,74
25-Dec-24,2024,12,December,76
21-Nov-24,2024,11,November,77
27-Aug-24,2024,8,August,79
30-Oct-24,2024,10,October,80
14-Dec-24,2024,12,December,83
15-Sep-24,2024,9,September,84
14-Sep-24,2024,9,September,87
10-Oct-24,2024,10,October,88
06-Aug-24,2024,8,August,89
03-Oct-24,2024,10,October,94
30-Jul-24,2024,7,July,97
18-Aug-24,2024,8,August,101
31-Aug-24,2024,8,August,103
23-Oct-24,2024,10,October,108
11-Nov-24,2024,11,November,109
01-Aug-24,2024,8,August,110
28-Oct-24,2024,10,October,115
26-Jan-24,2024,1,January,116
15-May-24,2024,5,May,117
09-Nov-24,2024,11,November,120
28-Sep-24,2024,9,September,121
06-Oct-24,2024,10,October,124
10-May-24,2024,5,May,126
01-Sep-24,2024,9,September,129
09-Aug-24,2024,8,August,130
23-Sep-24,2024,9,September,131
16-Dec-24,2024,12,December,132
09-Sep-24,2024,9,September,134
06-Jan-24,2024,1,January,135
21-Dec-24,2024,12,December,136
22-Aug-24,2024,8,August,137
04-Aug-24,2024,8,August,140
07-Nov-24,2024,11,November,143
16-Aug-24,2024,8,August,145
16-Jan-24,2024,1,January,146
28-May-24,2024,5,May,147
01-Oct-24,2024,10,October,148
20-Oct-24,2024,10,October,151
12-Dec-24,2024,12,December,152
22-Apr-24,2024,4,April,153
23-Nov-24,2024,11,November,154
20-Dec-24,2024,12,December,156
14-Jul-24,2024,7,July,158
03-May-24,2024,5,May,159
30-Jan-24,2024,1,January,160
03-Aug-24,2024,8,August,164
14-Nov-24,2024,11,November,167
21-Aug-24,2024,8,August,168
24-Aug-24,2024,8,August,169
05-Nov-24,2024,11,November,170
15-Aug-24,2024,8,August,173
31-Dec-24,2024,12,December,174
17-Aug-24,2024,8,August,177
29-Dec-24,2024,12,December,178
28-Nov-24,2024,11,November,180
30-Sep-24,2024,9,September,184
09-Dec-24,2024,12,December,185
12-Nov-24,2024,11,November,186
13-Sep-24,2024,9,September,187
10-Jun-24,2024,6,June,191
22-Oct-24,2024,10,October,195
15-Jul-24,2024,7,July,196
06-Jun-24,2024,6,June,197
17-Oct-24,2024,10,October,199
07-Aug-24,2024,8,August,200
19-Aug-24,2024,8,August,201
22-Nov-24,2024,11,November,202
21-Sep-24,2024,9,September,205
29-Jul-24,2024,7,July,207
26-Jul-24,2024,7,July,209
07-Dec-24,2024,12,December,212
22-Sep-24,2024,9,September,217
04-Nov-24,2024,11,November,219
09-Apr-24,2024,4,April,220
12-Oct-24,2024,10,October,221
05-Sep-24,2024,9,September,222
02-Sep-24,2024,9,September,223
25-Jan-24,2024,1,January,229
09-Oct-24,2024,10,October,232
22-Jul-24,2024,7,July,234
11-Apr-24,2024,4,April,235
23-Jul-24,2024,7,July,236
30-Dec-24,2024,12,December,237
01-Apr-24,2024,4,April,241
31-Jul-24,2024,7,July,242
24-Nov-24,2024,11,November,243
04-May-24,2024,5,May,247
20-Apr-24,2024,4,April,253
30-Jun-24,2024,6,June,254
20-Aug-24,2024,8,August,260
26-Nov-24,2024,11,November,263
20-Nov-24,2024,11,November,265
07-Jun-24,2024,6,June,269
13-Mar-24,2024,3,March,271
21-Jan-24,2024,1,January,273
03-Jul-24,2024,7,July,274
25-Sep-24,2024,9,September,275
13-Feb-24,2024,2,February,276
18-Mar-24,2024,3,March,278
31-Jan-24,2024,1,January,281
25-Mar-24,2024,3,March,292
18-Sep-24,2024,9,September,295
29-Aug-24,2024,8,August,297
06-Dec-24,2024,12,December,298
03-Sep-24,2024,9,September,299
17-Sep-24,2024,9,September,300
23-Feb-24,2024,2,February,301
27-Sep-24,2024,9,September,302
05-Aug-24,2024,8,August,306
22-Jan-24,2024,1,January,307
19-May-24,2024,5,May,308
10-Mar-24,2024,3,March,314
28-Feb-24,2024,2,February,315
02-Aug-24,2024,8,August,318
27-Nov-24,2024,11,November,319
21-Jul-24,2024,7,July,321
11-Dec-24,2024,12,December,322
06-Nov-24,2024,11,November,324
05-Jul-24,2024,7,July,325
28-Aug-24,2024,8,August,327
02-Jun-24,2024,6,June,330
25-Jul-24,2024,7,July,332
29-Nov-24,2024,11,November,334
07-Jan-24,2024,1,January,336
22-Mar-24,2024,3,March,338
14-Aug-24,2024,8,August,343
23-Dec-24,2024,12,December,346
08-Sep-24,2024,9,September,349
04-Jan-24,2024,1,January,350
15-Jan-24,2024,1,January,351
29-May-24,2024,5,May,352
19-Jan-24,2024,1,January,355
10-Feb-24,2024,2,February,358
08-Aug-24,2024,8,August,360
07-Oct-24,2024,10,October,361
27-Jul-24,2024,7,July,362
02-Nov-24,2024,11,November,363
17-Jul-24,2024,7,July,365
17-May-24,2024,5,May,366
29-Oct-24,2024,10,October,370
16-Nov-24,2024,11,November,371
25-Aug-24,2024,8,August,375
05-Oct-24,2024,10,October,377
08-Jan-24,2024,1,January,378
04-Mar-24,2024,3,March,379
16-Sep-24,2024,9,September,380
08-Dec-24,2024,12,December,381
25-Feb-24,2024,2,February,383
07-Mar-24,2024,3,March,386
07-Sep-24,2024,9,September,388
13-Apr-24,2024,4,April,390
14-Mar-24,2024,3,March,391
13-May-24,2024,5,May,392
04-Dec-24,2024,12,December,395
16-May-24,2024,5,May,396
17-Jun-24,2024,6,June,398
31-Oct-24,2024,10,October,399
14-Feb-24,2024,2,February,402
24-Oct-24,2024,10,October,403
25-Oct-24,2024,10,October,410
15-Oct-24,2024,10,October,413
17-Mar-24,2024,3,March,414
12-Aug-24,2024,8,August,415
28-Jul-24,2024,7,July,418
11-Jan-24,2024,1,January,422
01-Mar-24,2024,3,March,423
05-Mar-24,2024,3,March,424
26-Aug-24,2024,8,August,426
10-Jan-24,2024,1,January,427
11-Aug-24,2024,8,August,428
21-Oct-24,2024,10,October,431
30-Nov-24,2024,11,November,432
15-Apr-24,2024,4,April,436
23-Aug-24,2024,8,August,438
24-Feb-24,2024,2,February,442
11-Sep-24,2024,9,September,448
20-Feb-24,2024,2,February,449
29-Sep-24,2024,9,September,450
27-May-24,2024,5,May,452
26-Mar-24,2024,3,March,453
26-Dec-24,2024,12,December,454
03-Dec-24,2024,12,December,455
04-Feb-24,2024,2,February,457
18-Oct-24,2024,10,October,458
18-Dec-24,2024,12,December,460
19-Oct-24,2024,10,October,461
25-Apr-24,2024,4,April,464
01-Jan-24,2024,1,January,465
20-Sep-24,2024,9,September,466
28-Apr-24,2024,4,April,467
23-Mar-24,2024,3,March,468
26-Sep-24,2024,9,September,469
15-Dec-24,2024,12,December,470
06-Mar-24,2024,3,March,475
18-Jan-24,2024,1,January,476
13-Aug-24,2024,8,August,478
09-Jun-24,2024,6,June,480
07-May-24,2024,5,May,482
01-Dec-24,2024,12,December,483
04-Sep-24,2024,9,September,485
12-Mar-24,2024,3,March,486
24-Jul-24,2024,7,July,489
08-Nov-24,2024,11,November,490
06-Jul-24,2024,7,July,495
20-Jun-24,2024,6,June,498
12-Jun-24,2024,6,June,499
18-Nov-24,2024,11,November,500
22-Feb-24,2024,2,February,501
03-Feb-24,2024,2,February,502
02-Jul-24,2024,7,July,503
21-Feb-24,2024,2,February,504
22-Dec-24,2024,12,December,506
03-Jan-24,2024,1,January,507
08-Jun-24,2024,6,June,512
27-Apr-24,2024,4,April,515
30-Mar-24,2024,3,March,518
25-Jun-24,2024,6,June,519
13-Dec-24,2024,12,December,520
28-Mar-24,2024,3,March,522
03-Apr-24,2024,4,April,524
19-Mar-24,2024,3,March,525
10-Jul-24,2024,7,July,526
25-May-24,2024,5,May,528
20-May-24,2024,5,May,533
26-May-24,2024,5,May,538
08-Feb-24,2024,2,February,539
27-Dec-24,2024,12,December,540
07-Jul-24,2024,7,July,541
30-May-24,2024,5,May,544
15-Jun-24,2024,6,June,545
29-Jun-24,2024,6,June,547
25-Nov-24,2024,11,November,548
05-May-24,2024,5,May,550
22-May-24,2024,5,May,551
16-Jul-24,2024,7,July,554
04-Jun-25,2025,6,June,2
28-Mar-25,2025,3,March,6
12-Apr-25,2025,4,April,11
16-Jan-25,2025,1,January,12
31-May-25,2025,5,May,13
17-Mar-25,2025,3,March,14
17-Jan-25,2025,1,January,15
10-Jan-25,2025,1,January,18
14-Jul-25,2025,7,July,22
11-Apr-25,2025,4,April,24
30-Apr-25,2025,4,April,25
15-Feb-25,2025,2,February,27
22-Apr-25,2025,4,April,28
05-Mar-25,2025,3,March,29
19-Apr-25,2025,4,April,30
06-Apr-25,2025,4,April,33
23-Jun-25,2025,6,June,39
06-Jun-25,2025,6,June,45
02-Mar-25,2025,3,March,47
06-May-25,2025,5,May,50
12-Jan-25,2025,1,January,52
19-Jan-25,2025,1,January,56
31-Mar-25,2025,3,March,57
26-Apr-25,2025,4,April,62
01-Feb-25,2025,2,February,68
11-Jul-25,2025,7,July,69
03-Jul-25,2025,7,July,70
10-Apr-25,2025,4,April,71
08-Jan-25,2025,1,January,72
29-Jan-25,2025,1,January,75
05-Apr-25,2025,4,April,82
04-Jul-25,2025,7,July,85
14-Jun-25,2025,6,June,90
19-Jun-25,2025,6,June,91
28-Apr-25,2025,4,April,92
10-Mar-25,2025,3,March,95
30-Mar-25,2025,3,March,96
20-May-25,2025,5,May,98
06-Jul-25,2025,7,July,99
27-May-25,2025,5,May,100
01-Apr-25,2025,4,April,102
29-Apr-25,2025,4,April,104
28-Jan-25,2025,1,January,105
01-Mar-25,2025,3,March,106
06-Mar-25,2025,3,March,107
28-Jun-25,2025,6,June,111
29-Mar-25,2025,3,March,112
04-Jan-25,2025,1,January,113
27-Jun-25,2025,6,June,114
06-Jan-25,2025,1,January,118
08-Jun-25,2025,6,June,119
30-Jun-25,2025,6,June,123
05-Jan-25,2025,1,January,125
17-May-25,2025,5,May,127
24-Apr-25,2025,4,April,128
15-Apr-25,2025,4,April,133
26-Mar-25,2025,3,March,138
26-Jun-25,2025,6,June,139
22-Jan-25,2025,1,January,141
19-Feb-25,2025,2,February,142
16-Apr-25,2025,4,April,144
18-May-25,2025,5,May,149
09-Feb-25,2025,2,February,150
19-Jul-25,2025,7,July,155
13-Jun-25,2025,6,June,161
07-Mar-25,2025,3,March,163
13-Feb-25,2025,2,February,165
13-Jul-25,2025,7,July,166
13-May-25,2025,5,May,171
17-Jun-25,2025,6,June,172
11-Jun-25,2025,6,June,175
09-May-25,2025,5,May,176
27-Feb-25,2025,2,February,179
18-Jun-25,2025,6,June,181
01-May-25,2025,5,May,182
04-Feb-25,2025,2,February,183
04-Apr-25,2025,4,April,188
29-Jun-25,2025,6,June,189
23-Jan-25,2025,1,January,190
07-Apr-25,2025,4,April,192
21-Mar-25,2025,3,March,193
05-Jun-25,2025,6,June,194
20-Jun-25,2025,6,June,203
21-Jun-25,2025,6,June,204
24-Mar-25,2025,3,March,208
17-Feb-25,2025,2,February,210
24-Feb-25,2025,2,February,211
01-Jul-25,2025,7,July,213
08-May-25,2025,5,May,214
23-May-25,2025,5,May,216
02-Jul-25,2025,7,July,218
24-May-25,2025,5,May,224
08-Jul-25,2025,7,July,226
09-Jun-25,2025,6,June,227
09-Mar-25,2025,3,March,228
27-Mar-25,2025,3,March,233
25-May-25,2025,5,May,238
09-Jul-25,2025,7,July,239
11-Feb-25,2025,2,February,240
03-Mar-25,2025,3,March,244
26-Jan-25,2025,1,January,245
15-Mar-25,2025,3,March,246
25-Feb-25,2025,2,February,249
22-Mar-25,2025,3,March,250
04-Mar-25,2025,3,March,251
05-Jul-25,2025,7,July,255
21-May-25,2025,5,May,257
07-Jan-25,2025,1,January,258
12-May-25,2025,5,May,259
17-Apr-25,2025,4,April,261
10-May-25,2025,5,May,262
28-May-25,2025,5,May,264
20-Jan-25,2025,1,January,266
01-Jun-25,2025,6,June,268
26-May-25,2025,5,May,272
18-Feb-25,2025,2,February,277
10-Jun-25,2025,6,June,279
09-Apr-25,2025,4,April,280
25-Jan-25,2025,1,January,282
30-May-25,2025,5,May,283
26-Feb-25,2025,2,February,284
09-Jan-25,2025,1,January,285
19-May-25,2025,5,May,286
23-Apr-25,2025,4,April,287
03-May-25,2025,5,May,289
13-Jan-25,2025,1,January,290
10-Feb-25,2025,2,February,291
13-Apr-25,2025,4,April,293
18-Mar-25,2025,3,March,303
08-Apr-25,2025,4,April,309
05-Feb-25,2025,2,February,310
21-Apr-25,2025,4,April,311
16-Mar-25,2025,3,March,313
20-Apr-25,2025,4,April,316
25-Jun-25,2025,6,June,317
23-Mar-25,2025,3,March,323
21-Jul-25,2025,7,July,326
12-Jun-25,2025,6,June,328
22-May-25,2025,5,May,329
11-May-25,2025,5,May,331
21-Feb-25,2025,2,February,333
24-Jun-25,2025,6,June,335
08-Mar-25,2025,3,March,337
10-Jul-25,2025,7,July,340
22-Feb-25,2025,2,February,341
15-Jan-25,2025,1,January,342
23-Feb-25,2025,2,February,344
03-Jan-25,2025,1,January,345
02-Apr-25,2025,4,April,347
13-Mar-25,2025,3,March,354
24-Jan-25,2025,1,January,359
27-Jan-25,2025,1,January,364
22-Jul-25,2025,7,July,367
25-Apr-25,2025,4,April,368
06-Feb-25,2025,2,February,372
20-Feb-25,2025,2,February,376
03-Feb-25,2025,2,February,382
15-Jul-25,2025,7,July,384
25-Mar-25,2025,3,March,387
14-Jan-25,2025,1,January,393
02-May-25,2025,5,May,394
07-May-25,2025,5,May,397
14-Apr-25,2025,4,April,400
07-Jun-25,2025,6,June,401
05-May-25,2025,5,May,405
16-Jun-25,2025,6,June,406
30-Jan-25,2025,1,January,407
14-May-25,2025,5,May,408
12-Mar-25,2025,3,March,409
17-Jul-25,2025,7,July,416
22-Jun-25,2025,6,June,417
21-Jan-25,2025,1,January,419
19-Mar-25,2025,3,March,421
16-Feb-25,2025,2,February,430
16-May-25,2025,5,May,434
12-Jul-25,2025,7,July,435
02-Feb-25,2025,2,February,440
11-Jan-25,2025,1,January,441
28-Feb-25,2025,2,February,443
15-May-25,2025,5,May,444
08-Feb-25,2025,2,February,446
11-Mar-25,2025,3,March,447
12-Feb-25,2025,2,February,451
03-Jun-25,2025,6,June,456
07-Feb-25,2025,2,February,459
18-Apr-25,2025,4,April,463
18-Jan-25,2025,1,January,472
01-Jan-25,2025,1,January,473
15-Jun-25,2025,6,June,484
14-Feb-25,2025,2,February,492
14-Mar-25,2025,3,March,493
29-May-25,2025,5,May,494
07-Jul-25,2025,7,July,505
20-Mar-25,2025,3,March,508
31-Jan-25,2025,1,January,509
27-Apr-25,2025,4,April,511
02-Jan-25,2025,1,January,513
03-Apr-25,2025,4,April,523
16-Jul-25,2025,7,July,527
20-Jul-25,2025,7,July,531
18-Jul-25,2025,7,July,532
04-May-25,2025,5,May,543
28-Oct-23,2023,10,October,21
06-Sep-23,2023,9,September,32
27-Dec-23,2023,12,December,42
21-Nov-23,2023,11,November,55
24-Dec-23,2023,12,December,59
19-Dec-23,2023,12,December,78
21-Sep-23,2023,9,September,81
19-Aug-23,2023,8,August,86
22-Nov-23,2023,11,November,93
13-Oct-23,2023,10,October,122
16-Nov-23,2023,11,November,157
29-Aug-23,2023,8,August,162
22-Oct-23,2023,10,October,198
25-Oct-23,2023,10,October,206
04-Aug-23,2023,8,August,215
18-Aug-23,2023,8,August,225
17-Sep-23,2023,9,September,230
30-Dec-23,2023,12,December,231
04-Nov-23,2023,11,November,248
20-Dec-23,2023,12,December,252
05-Nov-23,2023,11,November,256
29-Nov-23,2023,11,November,267
10-Sep-23,2023,9,September,270
08-Sep-23,2023,9,September,288
07-Aug-23,2023,8,August,294
28-Nov-23,2023,11,November,296
31-Aug-23,2023,8,August,304
10-Aug-23,2023,8,August,305
31-Dec-23,2023,12,December,312
14-Aug-23,2023,8,August,320
11-Nov-23,2023,11,November,339
03-Sep-23,2023,9,September,348
08-Nov-23,2023,11,November,353
02-Nov-23,2023,11,November,356
28-Aug-23,2023,8,August,357
31-Oct-23,2023,10,October,369
07-Nov-23,2023,11,November,373
12-Oct-23,2023,10,October,374
26-Oct-23,2023,10,October,385
25-Aug-23,2023,8,August,389
03-Aug-23,2023,8,August,404
08-Aug-23,2023,8,August,411
11-Oct-23,2023,10,October,412
01-Aug-23,2023,8,August,420
21-Oct-23,2023,10,October,425
11-Dec-23,2023,12,December,429
12-Aug-23,2023,8,August,433
19-Nov-23,2023,11,November,437
11-Sep-23,2023,9,September,439
14-Nov-23,2023,11,November,445
12-Sep-23,2023,9,September,462
27-Aug-23,2023,8,August,471
31-Jul-23,2023,7,July,474
15-Oct-23,2023,10,October,477
09-Nov-23,2023,11,November,479
25-Sep-23,2023,9,September,481
02-Aug-23,2023,8,August,487
26-Jul-23,2023,7,July,488
05-Sep-23,2023,9,September,491
28-Dec-23,2023,12,December,496
23-Aug-23,2023,8,August,497
17-Nov-23,2023,11,November,510
28-Jul-23,2023,7,July,514
21-Dec-23,2023,12,December,516
15-Dec-23,2023,12,December,517
22-Sep-23,2023,9,September,521
25-Nov-23,2023,11,November,529
16-Oct-23,2023,10,October,530
02-Sep-23,2023,9,September,534
23-Sep-23,2023,9,September,535
03-Dec-23,2023,12,December,536
29-Jul-23,2023,7,July,537
16-Aug-23,2023,8,August,542
13-Dec-23,2023,12,December,546
04-Sep-23,2023,9,September,549
16-Dec-23,2023,12,December,552
27-Nov-23,2023,11,November,553
01-Jan-00,1900,1,January,3
