Store_ID,City,Monthly_Sales_USD,Num_Customers,Rating,Open_Date,Manager_Name
 SB-1,Boston,77134,840,3.5,15-10-2020,John
 SB-2,Houston,40491,4328,3.3,27-10-2020,Aisha
 SB-3,Phoenix,21341,2468,2.5,18-12-2020,Priya
 SB-4,Boston,64623,1203,4.6,01-07-2020,John
SB - 5,Chicago,110327,4913,4.5,06-06-2020,Wei
 SB-6,Miami,20338,,2.8,02-03-2020,Priya
 SB-7,Phoenix,91431,2929,3.9,02-12-2020,Carlos
 SB-8,Phoenix,32254,2300,,16-09-2020,Priya
 SB-9,Boston,71860,1355,3.7,05-11-2020,Aisha
SB - 10,Los Angeles,31344,2312,2.8,28-07-2020,Liu
 SB-11,Chicago,21750,3366,5,07-05-2020,Robert
 SB-12,Boston,74756,,3,24-04-2020,Liu
 SB-13,Chicago,87957,4142,2.7,26-11-2020,Emily
 SB-14,Chicago,78053,682,4,26-11-2020,Aisha
SB - 15,Miami,90855,3612,4.3,10-07-2020,Robert
 SB-16,Phoenix,35896,4992,,27-05-2020,Aisha
 SB-17,Houston,75761,2017,2.6,05-06-2020,Emily
 SB-18,Miami,82552,,4.1,28-07-2020,Priya
 SB-19,Miami,97454,1856,3.8,21-02-2020,Wei
SB - 20,Chicago,110600,2674,2.8,16-10-2020,Emily
 SB-21,Seattle,47935,4129,2.9,09-03-2020,Emily
 SB-22,Phoenix,57641,4128,3.9,26-06-2020,Robert
 SB-23,Los Angeles,49711,4596,3.2,07-03-2020,Carlos
 SB-24,Miami,90342,,,03-04-2020,Liu
SB - 25,Houston,32182,3739,4.8,20-08-2020,Priya
 SB-26,Seattle,107833,4191,4.5,01-11-2020,Emily
 SB-27,Seattle,76276,518,5,26-06-2020,Wei
 SB-28,Los Angeles,39541,3903,3.1,27-11-2020,John
 SB-29,Miami,114457,3504,4.9,21-01-2020,Priya
SB - 30,Houston,102310,,3.6,06-07-2020,Carlos
 SB-31,Phoenix,64813,1632,3.4,27-02-2020,Aisha
 SB-32,New York,57198,3839,,11-04-2020,Emily
 SB-33,Houston,28820,3811,2.6,27-02-2020,Wei
 SB-34,Los Angeles,44070,3872,2.6,03-01-2020,Priya
SB - 35,Seattle,89768,1487,4.2,28-03-2020,Wei
 SB-36,Phoenix,31122,,3.6,01-07-2020,Wei
 SB-37,Houston,100559,3821,3.1,11-09-2020,Liu
 SB-38,New York,93543,673,4,20-06-2020,Robert
 SB-39,New York,103441,4241,3.1,19-03-2020,Aisha
SB - 40,Chicago,61786,3552,,18-02-2020,Carlos
 SB-41,Chicago,114934,1226,3.9,10-12-2020,Liu
 SB-42,Boston,119804,,3.4,09-05-2020,Priya
 SB-43,Los Angeles,26737,4260,4.6,02-02-2020,Emily
 SB-44,Miami,56062,2375,4.6,06-12-2020,Carlos
SB - 45,Houston,74237,4533,3.7,18-10-2020,Emily
 SB-46,Houston,71571,1489,3.4,04-12-2020,John
 SB-47,Miami,45510,4244,3.4,21-06-2020,Wei
 SB-48,Boston,39426,,,15-01-2020,John
 SB-49,Seattle,57265,3186,4.5,16-06-2020,Robert
SB - 50,Seattle,37850,919,3.3,03-01-2020,Wei
 SB-51,Boston,86150,1093,3,05-10-2020,Aisha
 SB-52,Seattle,107312,2274,2.7,21-10-2020,Carlos
 SB-53,Chicago,109613,2959,3.7,06-10-2020,Emily
 SB-54,Houston,94910,,3.7,26-12-2020,Liu
SB - 55,Boston,72375,1435,4.6,05-08-2020,Robert
 SB-56,Houston,55435,4308,,16-11-2020,Aisha
 SB-57,Miami,116443,831,3.1,16-01-2020,Emily
 SB-58,New York,77132,3949,3.5,03-05-2020,Carlos
 SB-59,Chicago,98945,3202,4.5,15-04-2020,Priya
SB - 60,Phoenix,102050,,4.6,16-08-2020,Robert
 SB-61,Chicago,115402,4506,3.5,11-07-2020,John
 SB-62,Boston,22983,4368,3.6,02-05-2020,John
 SB-63,Phoenix,117241,4700,3.3,27-06-2020,Liu
 SB-64,New York,40662,701,,26-06-2020,Emily
SB - 65,Boston,43510,2997,4.8,27-10-2020,Emily
 SB-66,Los Angeles,98187,,2.8,14-06-2020,Emily
 SB-67,Houston,60998,2342,4.8,11-09-2020,Robert
 SB-68,New York,76846,2366,4.2,08-08-2020,Carlos
 SB-69,Houston,114071,2496,3.8,21-01-2020,Priya
SB - 70,Seattle,26640,1409,2.6,06-07-2020,John
 SB-71,Los Angeles,64547,4805,3.7,08-05-2020,Aisha
 SB-72,Los Angeles,74620,,,22-03-2020,Wei
 SB-73,New York,35317,3689,3.5,24-05-2020,Robert
 SB-74,Los Angeles,27564,1270,2.9,08-04-2020,Robert
SB - 75,Phoenix,47345,3655,4.1,14-10-2020,Carlos
 SB-76,Los Angeles,114223,3001,4.9,25-02-2020,John
 SB-77,Houston,99273,3214,3.9,15-09-2020,Liu
 SB-78,Houston,94859,,4.3,10-10-2020,Priya
 SB-79,Boston,100765,4085,2.7,16-06-2020,Carlos
SB - 80,Houston,94038,2128,,20-04-2020,Aisha
 SB-81,Boston,72393,886,3.5,05-06-2020,John
 SB-82,Houston,86081,3921,2.8,07-06-2020,Carlos
 SB-83,Phoenix,49430,4508,4,09-07-2020,John
 SB-84,Miami,95532,,4.8,16-08-2020,John
SB - 85,Boston,47788,4593,4.2,28-06-2020,Liu
 SB-86,Chicago,115505,4863,2.7,14-06-2020,Robert
 SB-87,Seattle,68543,2966,3.4,01-05-2020,Priya
 SB-88,New York,33919,2782,,09-09-2020,Robert
 SB-89,Houston,89346,2356,3.9,27-09-2020,Wei
SB - 90,Los Angeles,116122,,3.5,13-08-2020,Priya
 SB-91,Miami,59974,2498,4.6,19-10-2020,John
 SB-92,Houston,36371,1736,4.5,11-01-2020,Carlos
 SB-93,Los Angeles,65084,4644,4,28-12-2020,Aisha
 SB-94,Seattle,49629,1650,3.4,23-08-2020,Liu
SB - 95,Seattle,71184,4818,3.1,10-05-2020,Priya
 SB-96,Seattle,81916,,,10-07-2020,Wei
 SB-97,Los Angeles,93972,1931,2.8,09-04-2020,John
 SB-98,Houston,82187,2319,3.4,26-11-2020,Aisha
 SB-99,Seattle,32984,2824,3.5,25-02-2020,Priya
SB - 100,Phoenix,53039,1630,4.2,21-09-2020,Robert
 SB-101,Boston,105431,3158,4.1,01-11-2020,Robert
 SB-102,Los Angeles,103691,,2.7,10-07-2020,Priya
 SB-103,Los Angeles,78606,4000,3.5,20-10-2020,Priya
 SB-104,Houston,30616,874,,22-09-2020,Priya
SB - 105,Los Angeles,70072,2620,3,06-03-2020,Aisha
 SB-106,Los Angeles,44574,4520,2.9,06-10-2020,Robert
 SB-107,Seattle,23430,2521,4.6,02-05-2020,Carlos
 SB-108,Houston,32676,,2.6,26-10-2020,Wei
 SB-109,Seattle,30816,4205,3.5,23-02-2020,Wei
SB - 110,Boston,52733,3759,2.9,12-02-2020,Liu
 SB-111,Miami,105680,3935,4.7,05-06-2020,John
 SB-112,Boston,22050,2389,,07-04-2020,Emily
 SB-113,Miami,53933,2323,3.9,16-08-2020,Carlos
 SB-114,Seattle,44951,,3.1,01-04-2020,Robert
SB - 115,Boston,52413,1974,3.8,17-01-2020,John
 SB-116,Houston,54801,2742,4.3,01-11-2020,Liu
 SB-117,New York,75619,3743,4.9,20-05-2020,John
 SB-118,Seattle,52913,3634,3.1,15-09-2020,Priya
 SB-119,Miami,60600,2570,4.7,14-03-2020,Emily
SB - 120,Phoenix,77775,,,11-07-2020,Robert
 SB-121,Miami,110816,859,4.8,22-08-2020,Emily
 SB-122,Phoenix,110093,2541,4.8,13-12-2020,Carlos
 SB-123,Los Angeles,55400,1641,4.1,13-10-2020,Emily
 SB-124,Boston,24494,2135,4.1,24-01-2020,John
SB - 125,Phoenix,100688,4500,3.5,03-10-2020,Emily
 SB-126,Miami,109431,,4.4,28-08-2020,Emily
 SB-127,Los Angeles,94691,2443,3.8,16-04-2020,Wei
 SB-128,New York,117419,3861,,16-08-2020,Robert
 SB-129,Houston,63001,3480,4.2,17-11-2020,Robert
SB - 130,Houston,87364,506,3.6,22-03-2020,John
 SB-131,Houston,65028,3767,4.3,02-09-2020,Aisha
 SB-132,Phoenix,117659,,4.6,01-11-2020,Emily
 SB-133,New York,57573,2091,2.9,19-10-2020,Emily
 SB-134,Phoenix,20806,3764,4.6,11-04-2020,Priya
SB - 135,Boston,76638,3106,3.9,03-05-2020,Robert
 SB-136,Phoenix,49757,3719,,11-10-2020,Emily
 SB-137,New York,54636,3773,4.6,02-02-2020,Robert
 SB-138,New York,100097,,3.6,09-07-2020,Emily
 SB-139,Boston,68280,1413,3.4,18-10-2020,Wei
SB - 140,New York,44262,2511,4.8,07-07-2020,John
 SB-141,Miami,100435,1942,3.1,07-11-2020,Robert
 SB-142,New York,82211,3554,4.6,12-03-2020,Carlos
 SB-143,Houston,74842,4046,3.7,17-07-2020,John
 SB-144,Miami,76979,,,01-10-2020,Priya
SB - 145,Miami,101470,4721,3.8,16-05-2020,John
 SB-146,Boston,58197,3428,3.3,09-02-2020,Emily
 SB-147,Chicago,61844,2329,3.9,04-07-2020,Priya
 SB-148,Chicago,84754,1075,3.3,18-04-2020,John
 SB-149,New York,54157,1429,2.6,04-05-2020,Liu
SB - 150,Miami,97129,,3.2,13-12-2020,Priya
 SB-151,Chicago,60042,4259,2.5,28-01-2020,Liu
 SB-152,Chicago,81665,4199,,03-08-2020,Carlos
 SB-153,New York,102856,1963,4.9,04-06-2020,John
 SB-154,Chicago,47376,3775,4.9,23-09-2020,Robert
SB - 155,Phoenix,75554,1554,3.5,16-09-2020,Robert
 SB-156,Los Angeles,34199,,4.3,19-10-2020,Aisha
 SB-157,Boston,101412,2400,3.4,05-01-2020,Emily
 SB-158,Los Angeles,70948,1957,4.2,22-03-2020,Liu
 SB-159,New York,93781,1899,4.5,11-08-2020,Priya
SB - 160,Houston,92750,3915,,05-04-2020,Aisha
 SB-161,Boston,86262,942,4.9,04-05-2020,Aisha
 SB-162,New York,66600,,3.5,04-04-2020,Wei
 SB-163,Miami,96898,4150,4.5,20-04-2020,Liu
 SB-164,Houston,82483,1678,3.2,18-05-2020,Priya
SB - 165,Los Angeles,38297,4958,5,16-02-2020,Aisha
 SB-166,New York,50448,1757,2.6,18-09-2020,Wei
 SB-167,Miami,46172,4134,4,02-06-2020,Aisha
 SB-168,Boston,62874,,,04-05-2020,Emily
 SB-169,Boston,27657,2341,4.1,07-12-2020,Carlos
SB - 170,Seattle,104386,2809,4.2,22-07-2020,Liu
 SB-171,Miami,45425,1410,2.8,21-10-2020,Wei
 SB-172,Phoenix,46685,4840,4.8,16-01-2020,Carlos
 SB-173,Chicago,44578,4509,3,19-12-2020,Priya
 SB-174,Houston,48831,,4.1,14-09-2020,Emily
SB - 175,Miami,27906,2669,3.1,05-01-2020,Wei
 SB-176,Seattle,81413,2672,,20-02-2020,Priya
 SB-177,Chicago,74028,623,3.3,01-11-2020,Aisha
 SB-178,Chicago,27287,3658,3.9,26-03-2020,Robert
 SB-179,New York,53660,1285,3.5,26-07-2020,John
SB - 180,Chicago,95758,,2.9,20-03-2020,Priya
 SB-181,Phoenix,80504,2916,2.9,19-02-2020,Carlos
 SB-182,Boston,79720,1296,3.5,19-09-2020,Emily
 SB-183,Seattle,54701,4672,4.4,05-11-2020,Emily
 SB-184,Chicago,103300,4654,,16-02-2020,Priya
SB - 185,New York,37674,2436,4.7,12-04-2020,Aisha
 SB-186,Phoenix,103560,,2.7,14-07-2020,John
 SB-187,Los Angeles,43874,2656,3.5,12-07-2020,Liu
 SB-188,Boston,63642,4307,2.8,05-03-2020,Carlos
 SB-189,Boston,117820,1801,2.5,26-01-2020,Priya
SB - 190,Seattle,85160,4663,4.2,10-10-2020,Priya
 SB-191,Boston,37602,3640,4,17-11-2020,Robert
 SB-192,Chicago,108801,,,13-05-2020,Emily
 SB-193,New York,45931,3736,2.9,09-10-2020,Carlos
 SB-194,Boston,114377,2852,3.1,01-01-2020,John
SB - 195,Boston,49192,2432,2.6,04-04-2020,Emily
 SB-196,Los Angeles,66542,3221,4.6,09-02-2020,Priya
 SB-197,Los Angeles,62520,864,4.9,18-09-2020,Emily
 SB-198,Houston,84772,,2.8,15-09-2020,Emily
 SB-199,Phoenix,78762,2890,3.1,24-06-2020,Wei
SB - 200,Chicago,70106,1446,,15-10-2020,Emily
 SB-201,Boston,101121,1877,4.7,18-04-2020,Aisha
 SB-202,Miami,45559,1939,4.8,25-02-2020,Emily
 SB-203,Boston,53742,3680,3.5,12-01-2020,Liu
 SB-204,New York,89669,,2.6,16-07-2020,Aisha
SB - 205,Houston,100199,840,2.6,14-11-2020,Carlos
 SB-206,Phoenix,41754,3489,3.9,19-03-2020,Emily
 SB-207,Miami,23972,882,3.5,10-02-2020,John
 SB-208,Houston,90831,2056,,13-06-2020,Aisha
 SB-209,Seattle,61873,799,2.6,18-10-2020,Aisha
SB - 210,Phoenix,114661,,4,20-10-2020,Priya
 SB-211,Boston,29903,638,2.5,16-10-2020,Carlos
 SB-212,Boston,23020,858,4.5,25-09-2020,Emily
 SB-213,Phoenix,61755,2022,3.3,13-06-2020,Robert
 SB-214,Boston,105956,3956,2.6,23-04-2020,John
SB - 215,Chicago,106988,2127,4,28-01-2020,Priya
 SB-216,Phoenix,65648,,,05-04-2020,Carlos
 SB-217,Houston,29516,1803,3.5,12-08-2020,Liu
 SB-218,Phoenix,22396,1634,4.9,12-02-2020,Aisha
 SB-219,Miami,104082,2686,3.9,22-05-2020,John
SB - 220,Boston,39129,3670,3.2,13-05-2020,Liu
 SB-221,Chicago,21591,4335,4.3,10-09-2020,Emily
 SB-222,Chicago,31303,,3.2,03-01-2020,Robert
 SB-223,Seattle,50561,2651,4.8,12-02-2020,Wei
 SB-224,Houston,91719,1737,,26-03-2020,Wei
SB - 225,Los Angeles,112108,4235,3.4,09-09-2020,Carlos
 SB-226,Los Angeles,119616,3334,3.9,02-10-2020,Robert
 SB-227,Phoenix,106231,4760,2.6,14-03-2020,John
 SB-228,Seattle,27314,,3.6,25-04-2020,Priya
 SB-229,New York,39623,1498,4.6,13-03-2020,John
SB - 230,Phoenix,87675,3067,4.5,12-07-2020,Robert
 SB-231,Seattle,116826,1807,3.1,23-03-2020,Liu
 SB-232,Houston,85082,1156,,09-07-2020,Aisha
 SB-233,Houston,103624,3160,3.1,22-02-2020,Wei
 SB-234,Houston,53130,,4.5,12-09-2020,Carlos
SB - 235,Houston,71756,2711,4.8,15-12-2020,Emily
 SB-236,Houston,117624,2409,2.7,18-02-2020,John
 SB-237,Seattle,46292,4230,3.6,26-05-2020,Wei
 SB-238,Seattle,106206,2546,3.3,12-10-2020,Priya
 SB-239,Chicago,89274,3662,4.7,24-10-2020,Carlos
SB - 240,Miami,22469,,,25-11-2020,Emily
 SB-241,Los Angeles,73947,1640,2.7,05-02-2020,John
 SB-242,Boston,42534,766,3,06-07-2020,Priya
 SB-243,Houston,83620,2345,4.4,23-06-2020,Emily
 SB-244,New York,68874,2208,2.6,13-03-2020,Aisha
SB - 245,Boston,69708,4130,3.7,26-03-2020,Wei
 SB-246,Seattle,94553,,3.6,24-09-2020,Aisha
 SB-247,New York,88344,3711,3.3,06-05-2020,Wei
 SB-248,New York,69138,2793,,28-11-2020,Priya
 SB-249,New York,74302,4232,3.5,17-10-2020,Liu
SB - 250,Chicago,67638,4329,3.8,12-10-2020,Aisha
 SB-251,Seattle,98249,2010,2.9,04-01-2020,Wei
 SB-252,New York,22719,,3.9,11-02-2020,Carlos
 SB-253,Houston,42890,975,4.5,02-07-2020,Priya
 SB-254,Phoenix,97236,1476,4.4,18-10-2020,Wei
SB - 255,New York,56509,1707,2.9,04-05-2020,John
 SB-256,Chicago,62534,2460,,20-08-2020,Wei
 SB-257,Boston,112241,1057,2.9,22-12-2020,Aisha
 SB-258,Seattle,38787,,3.2,27-05-2020,Carlos
 SB-259,Miami,68845,1382,3.4,11-02-2020,Emily
SB - 260,Chicago,77932,2694,3.5,08-12-2020,Liu
 SB-261,New York,112124,3167,4.2,25-02-2020,Emily
 SB-262,Seattle,111659,2110,2.6,19-09-2020,Wei
 SB-263,Phoenix,53062,3988,2.6,08-04-2020,Emily
 SB-264,New York,95713,,,19-09-2020,Wei
SB - 265,Chicago,107263,2954,3.5,11-05-2020,Carlos
 SB-266,Los Angeles,115756,4994,4.2,19-08-2020,Emily
 SB-267,Houston,80461,2446,3,27-07-2020,Aisha
 SB-268,Miami,95418,3308,4.1,26-08-2020,Aisha
 SB-269,Boston,86672,4325,3.1,19-11-2020,John
SB - 270,Chicago,54832,,4.7,10-02-2020,Wei
 SB-271,Seattle,51966,4036,4.7,28-07-2020,Emily
 SB-272,Miami,92545,4302,,01-09-2020,Aisha
 SB-273,Miami,32987,4677,3.2,05-03-2020,Robert
 SB-274,Miami,57311,2470,3.1,01-03-2020,Carlos
SB - 275,New York,51575,4322,3.5,07-07-2020,Liu
 SB-276,Houston,83852,,3.1,12-10-2020,Carlos
 SB-277,New York,21007,3319,4.2,05-08-2020,Robert
 SB-278,Seattle,90981,1402,4.6,28-10-2020,Robert
 SB-279,New York,96242,864,4.2,05-05-2020,John
SB - 280,Los Angeles,67517,4758,,26-01-2020,Carlos
 SB-281,Houston,49257,3619,4.6,22-05-2020,Carlos
 SB-282,Houston,107272,,3.5,01-12-2020,Emily
 SB-283,Seattle,62207,3058,2.9,23-11-2020,Wei
 SB-284,Boston,33281,2363,4.3,11-01-2020,Priya
SB - 285,Los Angeles,81246,615,3.4,18-02-2020,Liu
 SB-286,Chicago,21435,2884,4.2,26-05-2020,Carlos
 SB-287,New York,118875,4435,3.2,01-07-2020,Liu
 SB-288,Phoenix,111357,,,16-10-2020,Liu
 SB-289,New York,46660,2990,2.7,17-01-2020,Liu
SB - 290,Miami,25084,1442,5,02-06-2020,Carlos
 SB-291,New York,102197,2224,2.9,06-01-2020,Priya
 SB-292,Chicago,33507,2834,5,06-02-2020,Carlos
 SB-293,New York,92595,3267,4.9,24-10-2020,Emily
 SB-294,Los Angeles,103807,,4.5,27-02-2020,Emily
SB - 295,Los Angeles,65539,1637,4.1,08-09-2020,Priya
 SB-296,Houston,27491,3027,,10-12-2020,Aisha
 SB-297,Seattle,70192,4617,3.9,23-01-2020,Carlos
 SB-298,Boston,100395,3920,4.7,06-10-2020,Aisha
 SB-299,Phoenix,83888,4406,3.2,22-06-2020,Liu
SB - 300,Miami,93609,,3.7,26-06-2020,Carlos
 SB-301,New York,29077,4137,4,12-07-2020,Wei
 SB-302,New York,40953,3453,3.5,14-03-2020,Carlos
 SB-303,Chicago,96919,2867,3.6,19-06-2020,Emily
 SB-304,Seattle,87889,4721,,16-07-2020,John
SB - 305,Los Angeles,43821,776,3.3,08-07-2020,Robert
 SB-306,Phoenix,57567,,3.9,25-02-2020,John
 SB-307,Houston,44860,2499,4.6,09-05-2020,John
 SB-308,Los Angeles,41195,1727,3,21-10-2020,John
 SB-309,Miami,97475,4252,4.8,27-07-2020,Robert
SB - 310,Seattle,110874,4235,4.2,15-09-2020,Aisha
 SB-311,Miami,107266,1195,4.6,02-04-2020,Robert
 SB-312,Boston,41427,,,13-09-2020,Aisha
 SB-313,Houston,47083,1809,3.9,19-02-2020,Robert
 SB-314,Boston,107046,4652,4.4,02-10-2020,Robert
SB - 315,Chicago,77372,3734,2.5,06-03-2020,Carlos
 SB-316,Miami,64064,4614,4.5,10-03-2020,Aisha
 SB-317,Chicago,27813,2811,2.6,27-08-2020,Carlos
 SB-318,New York,51598,,4.7,23-06-2020,Wei
 SB-319,Boston,113106,3341,5,19-01-2020,Carlos
SB - 320,Seattle,47082,4708,,18-03-2020,John
 SB-321,Miami,49241,4059,3.2,09-07-2020,Priya
 SB-322,Phoenix,116214,3898,3,12-04-2020,Priya
 SB-323,Houston,64569,1041,4.4,03-05-2020,Emily
 SB-324,Los Angeles,31745,,3.1,25-11-2020,Emily
SB - 325,Seattle,46029,3194,4.7,05-04-2020,Liu
 SB-326,Seattle,33025,1588,2.8,27-01-2020,Carlos
 SB-327,Chicago,34288,3863,2.8,18-12-2020,Robert
 SB-328,Boston,109186,524,,13-12-2020,Robert
 SB-329,Miami,26540,2072,4.9,02-09-2020,Priya
SB - 330,Miami,117768,,4.2,13-05-2020,John
 SB-331,New York,101958,3458,4.6,03-08-2020,Aisha
 SB-332,New York,88878,4736,3.3,04-06-2020,John
 SB-333,Houston,61846,2267,4.2,23-11-2020,Liu
 SB-334,Chicago,95932,2735,4,14-10-2020,John
SB - 335,Seattle,37482,700,4,16-03-2020,Carlos
 SB-336,Miami,43411,,,15-06-2020,Carlos
 SB-337,Phoenix,70975,3698,4.2,10-12-2020,Wei
 SB-338,Chicago,80545,756,3.9,11-09-2020,Liu
 SB-339,Houston,98797,4247,3.6,17-10-2020,John
SB - 340,Houston,72307,2741,3.2,02-03-2020,Robert
 SB-341,Chicago,23093,3675,4.4,23-08-2020,Robert
 SB-342,Houston,97258,,3.1,06-02-2020,Liu
 SB-343,Chicago,42042,4106,4.2,08-03-2020,John
 SB-344,Los Angeles,72930,3836,,03-10-2020,Carlos
SB - 345,Chicago,64413,913,3.1,14-10-2020,Carlos
 SB-346,Boston,113623,2514,4.1,16-09-2020,Wei
 SB-347,Chicago,117883,1881,4.4,21-01-2020,Wei
 SB-348,Houston,53756,,3,22-03-2020,Emily
 SB-349,Miami,73268,1598,2.6,18-10-2020,Liu
SB - 350,Boston,59214,3926,2.8,06-09-2020,Priya
 SB-351,Houston,101871,4155,4,21-07-2020,John
 SB-352,New York,48602,1409,,01-09-2020,Liu
 SB-353,New York,73331,687,4.6,27-05-2020,Robert
 SB-354,Miami,68901,,2.6,27-10-2020,John
SB - 355,Miami,119986,4544,4.3,23-06-2020,Wei
 SB-356,Boston,83416,4256,3.4,04-12-2020,Wei
 SB-357,Los Angeles,52196,2515,3.7,13-12-2020,Emily
 SB-358,Miami,25626,2592,4.8,27-01-2020,Priya
 SB-359,New York,27424,4144,3.3,26-08-2020,Emily
SB - 360,Chicago,32857,,,03-04-2020,Robert
 SB-361,Houston,39982,2630,3.7,07-12-2020,Priya
 SB-362,New York,96961,857,2.5,02-12-2020,Aisha
 SB-363,New York,21980,2922,2.7,14-08-2020,John
 SB-364,Los Angeles,68290,4757,3.1,23-06-2020,Emily
SB - 365,Boston,46431,1997,2.6,09-05-2020,Wei
 SB-366,Boston,104976,,4.1,11-05-2020,Emily
 SB-367,Seattle,102711,2658,3.6,03-05-2020,Aisha
 SB-368,Los Angeles,46385,3055,,17-11-2020,Emily
 SB-369,Chicago,58158,2842,3.9,24-02-2020,John
SB - 370,Boston,43019,3451,2.9,07-01-2020,Aisha
 SB-371,Houston,38639,1738,3.2,19-05-2020,Liu
 SB-372,Miami,105530,,4.2,28-12-2020,Liu
 SB-373,Los Angeles,119911,1473,4.9,23-11-2020,Liu
 SB-374,Miami,41563,4465,2.6,02-09-2020,Wei
SB - 375,New York,59341,1550,4.7,09-08-2020,Wei
 SB-376,Houston,25776,4201,,03-11-2020,Liu
 SB-377,Houston,56444,3280,3.9,07-02-2020,Liu
 SB-378,New York,88916,,3.9,21-05-2020,Liu
 SB-379,Los Angeles,28711,2088,3.8,05-10-2020,Carlos
SB - 380,New York,94318,4378,2.7,13-04-2020,Liu
 SB-381,Miami,102970,2868,2.7,20-05-2020,Aisha
 SB-382,Seattle,105553,936,4,20-06-2020,Carlos
 SB-383,Houston,50707,3328,3.4,25-02-2020,Carlos
 SB-384,Phoenix,59110,,,25-02-2020,John
SB - 385,Phoenix,81788,2056,4.8,06-10-2020,Emily
 SB-386,Miami,102879,4358,3.5,25-09-2020,Wei
 SB-387,Chicago,58827,1804,2.9,01-03-2020,Wei
 SB-388,Boston,25655,2884,4.3,19-01-2020,Emily
 SB-389,New York,64859,682,3.2,13-05-2020,Wei
SB - 390,New York,73625,,3.8,12-03-2020,Emily
 SB-391,Chicago,72098,2089,4.2,25-09-2020,Aisha
 SB-392,Chicago,35251,2087,,03-03-2020,John
 SB-393,Miami,20526,1159,4.8,05-12-2020,Liu
 SB-394,Miami,88760,659,4.5,22-02-2020,John
SB - 395,Chicago,67837,4453,4.2,13-07-2020,Robert
 SB-396,Houston,31536,,4.2,15-09-2020,John
 SB-397,Miami,48541,1511,4.9,03-06-2020,Emily
 SB-398,Seattle,99083,552,3.2,21-12-2020,Robert
 SB-399,Miami,71027,2807,2.5,05-04-2020,Emily
SB - 400,New York,54531,1728,,08-08-2020,Liu
 SB-401,Miami,28712,1535,3.2,01-06-2020,Priya
 SB-402,Houston,85455,,3,24-08-2020,Robert
 SB-403,Chicago,94744,4202,4.2,20-02-2020,Liu
 SB-404,New York,25109,4545,4.1,16-12-2020,Liu
SB - 405,Miami,69268,4949,4,20-02-2020,Wei
 SB-406,Houston,74615,1764,2.5,13-12-2020,Wei
 SB-407,Seattle,102503,2384,4.3,07-10-2020,Priya
 SB-408,Miami,49759,,,14-09-2020,Priya
 SB-409,Houston,105708,2309,3.3,16-08-2020,John
SB - 410,Seattle,80112,3667,4.2,09-12-2020,Liu
 SB-411,Chicago,46589,4297,3.9,18-08-2020,Priya
 SB-412,Miami,50015,2841,3.4,18-07-2020,Emily
 SB-413,Seattle,49009,3914,2.8,27-12-2020,Liu
 SB-414,New York,103309,,2.7,15-02-2020,Carlos
SB - 415,Chicago,82046,1317,4.6,17-04-2020,Emily
 SB-416,New York,46143,2937,,22-05-2020,Robert
 SB-417,Phoenix,26154,1388,4.8,10-09-2020,Priya
 SB-418,Los Angeles,41804,1167,4.1,18-08-2020,Wei
 SB-419,Miami,61688,3124,2.8,18-01-2020,Emily
SB - 420,Seattle,84288,,3.5,04-07-2020,Wei
 SB-421,Los Angeles,71195,4732,4.3,05-10-2020,Emily
 SB-422,Los Angeles,40581,1318,4.4,23-12-2020,Wei
 SB-423,Seattle,72648,2688,2.8,26-03-2020,Aisha
 SB-424,Chicago,50087,1606,,23-02-2020,Emily
SB - 425,Miami,69930,2724,2.5,14-05-2020,Robert
 SB-426,Phoenix,52981,,4.3,01-01-2020,Wei
 SB-427,New York,89298,697,3.4,21-09-2020,Carlos
 SB-428,Houston,66167,3171,3.1,23-01-2020,Robert
 SB-429,New York,95304,3992,2.5,11-09-2020,John
SB - 430,Houston,63408,2948,3.9,26-01-2020,Emily
 SB-431,New York,59499,970,4.6,19-04-2020,Carlos
 SB-432,Seattle,72269,,,07-05-2020,John
 SB-433,Phoenix,58559,2448,4.9,13-08-2020,Emily
 SB-434,Miami,94319,4399,3.9,23-02-2020,Carlos
SB - 435,Houston,115317,2510,3.8,07-01-2020,Carlos
 SB-436,Miami,116347,4300,2.7,18-08-2020,Robert
 SB-437,Miami,68787,4618,3.9,01-09-2020,Aisha
 SB-438,Miami,55488,,3.4,17-06-2020,Carlos
 SB-439,Boston,94441,4296,4,27-03-2020,Aisha
SB - 440,Chicago,94663,4488,,03-06-2020,Priya
 SB-441,New York,42431,734,3.5,05-08-2020,Robert
 SB-442,Miami,81681,1428,3.1,20-02-2020,Liu
 SB-443,New York,83483,4107,2.7,04-09-2020,Wei
 SB-444,Miami,69153,,3.3,10-10-2020,Robert
SB - 445,Houston,26368,1022,2.7,21-08-2020,John
 SB-446,Chicago,47424,4023,2.9,27-11-2020,Wei
 SB-447,Chicago,65004,2129,5,17-10-2020,Wei
 SB-448,Seattle,103869,1816,,16-07-2020,Liu
 SB-449,Boston,108652,3357,3.6,26-03-2020,Aisha
SB - 450,Seattle,76985,,3.8,12-08-2020,Liu
 SB-451,Seattle,70069,1624,4.7,17-03-2020,Liu
 SB-452,Seattle,72326,3087,5,18-05-2020,Wei
 SB-453,Seattle,101061,1523,4,04-11-2020,Carlos
 SB-454,Seattle,43398,1878,4.5,09-01-2020,Aisha
SB - 455,Phoenix,118393,3874,3.3,24-06-2020,Wei
 SB-456,Chicago,70861,,,20-11-2020,Aisha
 SB-457,Seattle,95897,2019,3.3,02-09-2020,Priya
 SB-458,Miami,101905,726,3.5,28-09-2020,Aisha
 SB-459,Chicago,88577,1391,4.2,06-05-2020,Emily
SB - 460,Chicago,85641,4572,4.2,20-03-2020,Carlos
 SB-461,Los Angeles,29078,2757,3.3,07-06-2020,John
 SB-462,Phoenix,45003,,2.8,23-01-2020,Emily
 SB-463,Seattle,82768,3288,4.1,05-01-2020,Emily
 SB-464,New York,71047,896,,13-06-2020,Liu
SB - 465,Houston,91626,2578,2.8,15-02-2020,Liu
 SB-466,Boston,77660,4924,3.9,25-10-2020,Emily
 SB-467,Miami,69786,3737,4.2,22-10-2020,Wei
 SB-468,New York,21925,,4.3,14-07-2020,Aisha
 SB-469,Phoenix,103976,4393,4.4,24-10-2020,Aisha
SB - 470,Houston,46015,2505,4.7,10-11-2020,Robert
 SB-471,Phoenix,53320,2516,3.7,14-01-2020,Wei
 SB-472,Miami,84881,3671,,04-08-2020,Carlos
 SB-473,Chicago,110827,3168,4.3,16-10-2020,Wei
 SB-474,Houston,46289,,4,13-08-2020,Wei
SB - 475,Chicago,23389,2378,3,27-06-2020,Wei
 SB-476,Miami,45683,1696,2.6,27-09-2020,Carlos
 SB-477,New York,33629,2272,3.2,18-04-2020,Robert
 SB-478,Miami,81550,661,3.6,05-02-2020,Carlos
 SB-479,New York,44826,4476,4,09-10-2020,Priya
SB - 480,Houston,46630,,,03-12-2020,Robert
 SB-481,Houston,118762,2251,4.6,20-08-2020,Priya
 SB-482,Seattle,66163,1275,3,10-06-2020,Priya
 SB-483,Phoenix,118511,1439,2.8,19-06-2020,Priya
 SB-484,Seattle,86435,3720,4.9,28-05-2020,Aisha
SB - 485,Phoenix,31653,1039,2.8,11-03-2020,Emily
 SB-486,Seattle,47961,,3.7,17-11-2020,Emily
 SB-487,Chicago,101941,1961,4,04-07-2020,Priya
 SB-488,Houston,94137,855,,19-07-2020,Priya
 SB-489,New York,53662,4104,3.9,15-12-2020,John
SB - 490,Phoenix,118818,3823,2.7,05-11-2020,Liu
 SB-491,Miami,76446,734,2.6,15-05-2020,Emily
 SB-492,Phoenix,41288,,2.8,11-02-2020,Liu
 SB-493,New York,115081,2048,4,12-10-2020,Liu
 SB-494,Seattle,56877,2596,3.9,20-02-2020,John
SB - 495,Phoenix,35313,4713,3.1,04-04-2020,Liu
 SB-496,Boston,100885,2601,,18-06-2020,Robert
 SB-497,Chicago,92715,2173,4.1,23-06-2020,John
 SB-498,Houston,30326,,4.6,26-11-2020,Liu
 SB-499,New York,21560,2600,2.6,11-03-2020,Liu
SB - 500,Houston,99148,4157,3.7,24-12-2020,Wei
 SB-501,Boston,103186,4096,4.2,27-02-2020,Liu
 SB-502,Phoenix,46745,4248,3.1,11-08-2020,Aisha
 SB-503,Phoenix,51890,3673,3.3,18-05-2020,Robert
 SB-504,Miami,40022,,,18-07-2020,Carlos
SB - 505,Boston,72579,2315,4,10-06-2020,Emily
 SB-506,New York,90316,4341,4.7,09-03-2020,Priya
 SB-507,Miami,103847,2505,4.5,11-03-2020,Liu
 SB-508,Chicago,48380,4993,4,12-12-2020,Robert
 SB-509,Miami,22356,1174,4.3,21-03-2020,Priya
SB - 510,Los Angeles,90326,,3.4,14-07-2020,Carlos
 SB-511,New York,112447,886,4.1,28-08-2020,Robert
 SB-512,Los Angeles,109899,2658,,07-11-2020,Emily
 SB-513,Boston,40049,3161,3.7,21-09-2020,Robert
 SB-514,Seattle,95717,2564,3,11-10-2020,Priya
SB - 515,Los Angeles,36082,4351,4.3,16-03-2020,Priya
 SB-516,Chicago,20661,,3.9,21-06-2020,Wei
 SB-517,Miami,57412,3753,3.4,20-12-2020,Liu
 SB-518,Seattle,22920,4766,4.8,18-12-2020,John
 SB-519,Miami,111194,1239,2.6,13-07-2020,Robert
SB - 520,Los Angeles,80315,1901,,04-05-2020,Priya
 SB-521,Miami,99561,3759,3.3,14-12-2020,Aisha
 SB-522,Boston,28946,,2.6,09-08-2020,Emily
 SB-523,Seattle,114242,2777,4.4,19-09-2020,Aisha
 SB-524,Boston,65500,4404,4.3,05-03-2020,Carlos
SB - 525,Los Angeles,36309,4423,3.3,26-05-2020,Robert
 SB-526,Boston,75230,4714,4.2,01-02-2020,Wei
 SB-527,Chicago,118656,3727,3.5,19-08-2020,Emily
 SB-528,Los Angeles,50027,,,17-01-2020,Wei
 SB-529,Los Angeles,92541,3331,4.4,02-11-2020,John
SB - 530,Los Angeles,79321,4258,3.6,22-06-2020,Priya
 SB-531,New York,20956,3012,3.5,12-03-2020,Liu
 SB-532,Miami,94131,2651,4.8,12-04-2020,Emily
 SB-533,New York,67908,4175,3.1,02-02-2020,Carlos
 SB-534,New York,98339,,2.8,17-07-2020,Liu
SB - 535,Chicago,45963,3245,4,28-07-2020,Robert
 SB-536,Seattle,59443,4366,,17-12-2020,John
 SB-537,Miami,119259,4264,4.9,19-06-2020,John
 SB-538,Boston,59063,2722,3.4,06-08-2020,Wei
 SB-539,Phoenix,100818,3292,2.7,18-11-2020,John
SB - 540,Los Angeles,24703,,3.3,05-08-2020,Emily
 SB-541,Boston,85128,2197,3.8,24-08-2020,Wei
 SB-542,Los Angeles,92099,3962,2.9,02-06-2020,Liu
 SB-543,Chicago,45849,4563,4.1,15-08-2020,John
 SB-544,Los Angeles,51860,2024,,22-11-2020,Robert
SB - 545,New York,51585,532,5,24-06-2020,Liu
 SB-546,Miami,42015,,3.6,18-01-2020,Carlos
 SB-547,Phoenix,97539,4525,3.4,12-12-2020,Robert
 SB-548,Houston,63585,3066,3.5,11-09-2020,Aisha
 SB-549,Los Angeles,46958,3303,2.8,08-12-2020,Emily
SB - 550,Boston,46017,4396,4.7,07-12-2020,Carlos
 SB-551,New York,96707,4209,3.5,21-07-2020,Carlos
 SB-552,Houston,65350,,,11-02-2020,Wei
 SB-553,Phoenix,32201,1219,3.5,10-06-2020,Priya
 SB-554,Houston,49426,1472,4.1,20-03-2020,Wei
SB - 555,New York,37778,4218,3.6,28-10-2020,Emily
 SB-556,Miami,65241,4902,4.1,18-11-2020,Emily
 SB-557,Miami,62229,2707,2.7,28-02-2020,Wei
 SB-558,Seattle,106652,,4.5,08-08-2020,Priya
 SB-559,Miami,68364,4926,4.9,22-10-2020,Robert
SB - 560,Seattle,118833,4820,,08-05-2020,Wei
 SB-561,Houston,104878,3530,4.1,27-04-2020,Emily
 SB-562,Chicago,77056,4075,4.9,05-04-2020,Priya
 SB-563,Boston,47490,3616,2.9,17-01-2020,Emily
 SB-564,Boston,39975,,3.7,08-02-2020,Priya
SB - 565,Houston,46723,3785,4,15-07-2020,Priya
 SB-566,Los Angeles,43279,1143,4,25-10-2020,Liu
 SB-567,Los Angeles,98301,694,3.5,02-05-2020,Wei
 SB-568,Miami,31561,4496,,08-07-2020,Wei
 SB-569,Boston,86061,988,3.3,07-12-2020,Wei
SB - 570,Boston,108397,,2.8,28-07-2020,Priya
 SB-571,Seattle,69153,2704,3.5,18-05-2020,Priya
 SB-572,Chicago,53142,3157,2.9,04-06-2020,Emily
 SB-573,New York,46916,3776,4.3,18-10-2020,Carlos
 SB-574,Los Angeles,84324,1602,3,16-12-2020,Wei
SB - 575,Boston,64965,1741,2.6,07-09-2020,Liu
 SB-576,Seattle,24648,,,28-06-2020,Aisha
 SB-577,Phoenix,55133,1015,3.9,03-05-2020,Emily
 SB-578,Seattle,70677,892,4,15-12-2020,Emily
 SB-579,Los Angeles,116059,1130,4.7,26-10-2020,John
SB - 580,Los Angeles,114588,4216,3.9,19-04-2020,Wei
 SB-581,Seattle,119950,2347,3.4,11-12-2020,Robert
 SB-582,New York,118317,,4.5,03-08-2020,Emily
 SB-583,Houston,90135,3155,3.9,07-07-2020,John
 SB-584,Los Angeles,55046,1479,,07-07-2020,Aisha
SB - 585,Seattle,67064,3902,2.7,10-02-2020,Liu
 SB-586,Boston,89350,4371,3.9,26-03-2020,Aisha
 SB-587,Seattle,65893,777,4.8,16-09-2020,Robert
 SB-588,Chicago,81272,,3.5,18-03-2020,Wei
 SB-589,Houston,112152,732,3.2,16-09-2020,Priya
SB - 590,Phoenix,87649,2052,2.9,25-10-2020,John
 SB-591,New York,84674,3770,2.9,14-04-2020,Priya
 SB-592,Miami,33760,2909,,25-12-2020,Aisha
 SB-593,Phoenix,41927,4012,3.6,07-03-2020,Aisha
 SB-594,Houston,106475,,4,15-07-2020,Carlos
SB - 595,Houston,81367,525,2.7,08-11-2020,Carlos
 SB-596,Houston,117955,960,4.8,04-10-2020,Liu
 SB-597,Phoenix,32588,4264,4.4,19-03-2020,Robert
 SB-598,Boston,72233,3931,4,21-12-2020,Carlos
 SB-599,Houston,64738,3983,4.6,15-11-2020,Carlos
SB - 600,Seattle,53397,,,16-01-2020,Robert
 SB-601,Phoenix,102189,2494,2.7,19-10-2020,Emily
 SB-602,Miami,96367,990,3.7,03-06-2020,Carlos
 SB-603,Houston,91260,1572,4.1,09-05-2020,Emily
 SB-604,Seattle,96619,3673,4.6,11-02-2020,Emily
SB - 605,Boston,39816,715,4.5,12-02-2020,Wei
 SB-606,Chicago,62240,,3.2,06-06-2020,Emily
 SB-607,Boston,26276,2223,4.9,27-11-2020,Emily
 SB-608,Miami,99530,2092,,12-08-2020,Carlos
 SB-609,Houston,43499,3106,2.8,02-11-2020,Emily
SB - 610,Miami,108576,658,4.7,15-09-2020,Priya
 SB-611,Phoenix,102495,3813,4.9,01-02-2020,Robert
 SB-612,Los Angeles,91635,,2.9,02-10-2020,Carlos
 SB-613,Houston,105112,3341,4.3,23-12-2020,Robert
 SB-614,Los Angeles,55946,2276,2.6,05-08-2020,John
SB - 615,Seattle,75204,2552,3.5,28-06-2020,Carlos
 SB-616,Chicago,71886,2795,,15-01-2020,Emily
 SB-617,New York,91652,2196,3.8,12-06-2020,Priya
 SB-618,Miami,35563,,4,13-08-2020,Robert
 SB-619,Boston,112324,3493,4.8,27-03-2020,Carlos
SB - 620,Chicago,112464,2969,4.2,11-01-2020,Priya
 SB-621,Houston,29847,2446,3.7,01-04-2020,Robert
 SB-622,Los Angeles,46155,4309,4.5,05-08-2020,John
 SB-623,Boston,99671,3283,4.9,08-01-2020,Aisha
 SB-624,Los Angeles,103310,,,10-09-2020,Liu
SB - 625,Phoenix,87278,4144,2.6,09-02-2020,Liu
 SB-626,Los Angeles,38309,3000,5,23-08-2020,John
 SB-627,Phoenix,20619,4145,2.7,18-03-2020,Aisha
 SB-628,Seattle,103194,3145,4.5,15-07-2020,Wei
 SB-629,Boston,70108,2849,3.2,22-05-2020,Aisha
SB - 630,Boston,54707,,2.8,18-04-2020,Wei
 SB-631,New York,40337,2432,3.6,03-09-2020,Carlos
 SB-632,Houston,101537,3794,,23-12-2020,Wei
 SB-633,Phoenix,86504,2257,4.1,02-08-2020,Liu
 SB-634,New York,67614,1616,3.5,11-06-2020,Liu
SB - 635,Los Angeles,111428,3067,2.6,07-08-2020,Priya
 SB-636,Los Angeles,111155,,4,03-11-2020,Wei
 SB-637,New York,20281,3999,4.8,14-01-2020,Priya
 SB-638,Boston,47420,992,3.5,08-06-2020,Liu
 SB-639,Los Angeles,100896,3806,3,05-06-2020,Robert
SB - 640,Miami,59030,1119,,28-11-2020,Robert
 SB-641,Seattle,21058,3732,3.6,02-08-2020,Aisha
 SB-642,Seattle,106213,,2.6,17-12-2020,Aisha
 SB-643,Miami,96260,4323,4.6,15-01-2020,Aisha
 SB-644,New York,48404,2880,4.6,22-04-2020,Wei
SB - 645,Miami,49856,2046,4,01-09-2020,Aisha
 SB-646,Phoenix,29200,4063,3.4,17-12-2020,Wei
 SB-647,Phoenix,84178,2105,4.5,26-05-2020,Wei
 SB-648,New York,53997,,,05-05-2020,Emily
 SB-649,Miami,45611,4252,3.9,06-10-2020,Emily
SB - 650,Phoenix,61235,2390,4.6,19-08-2020,Wei
 SB-651,Boston,55057,1775,4.1,13-09-2020,Robert
 SB-652,Miami,21239,3243,4.5,20-01-2020,Priya
 SB-653,Boston,85661,2993,4,15-09-2020,Liu
 SB-654,Phoenix,65272,,3.5,10-08-2020,Liu
SB - 655,Seattle,109393,856,4.9,17-09-2020,Carlos
 SB-656,Phoenix,81212,1369,,03-09-2020,John
 SB-657,Boston,35398,1385,3.9,12-11-2020,Emily
 SB-658,Chicago,76503,2501,4,25-10-2020,Wei
 SB-659,Houston,26638,1783,3.1,17-01-2020,John
SB - 660,Los Angeles,26570,,4.1,11-09-2020,Emily
 SB-661,Miami,88785,1119,3.9,04-06-2020,Carlos
 SB-662,Chicago,29110,1382,3,21-07-2020,Liu
 SB-663,Phoenix,99141,1296,2.6,14-10-2020,Priya
 SB-664,Seattle,32115,4142,,24-07-2020,Wei
SB - 665,New York,59062,3925,4,01-08-2020,Carlos
 SB-666,Phoenix,42911,,4.4,22-08-2020,Liu
 SB-667,Seattle,52556,1796,3.8,12-04-2020,Robert
 SB-668,Houston,98131,744,3.1,03-08-2020,Emily
 SB-669,Phoenix,21969,3395,4.2,06-04-2020,Wei
SB - 670,Boston,63753,1429,2.7,23-11-2020,John
 SB-671,New York,102811,1019,3.6,20-04-2020,Robert
 SB-672,Seattle,24470,,,22-07-2020,Liu
 SB-673,Seattle,30225,3712,2.9,24-11-2020,Robert
 SB-674,Seattle,43196,2909,3,26-01-2020,Aisha
SB - 675,Houston,33669,507,3,07-11-2020,Priya
 SB-676,Phoenix,57380,3025,3.5,07-12-2020,Liu
 SB-677,Houston,68320,3923,2.6,23-11-2020,Robert
 SB-678,Miami,67414,,3.5,10-07-2020,Emily
 SB-679,Los Angeles,35577,2519,3.8,08-10-2020,Priya
SB - 680,Los Angeles,108009,4782,,09-09-2020,Wei
 SB-681,Miami,75409,4167,3.7,13-02-2020,Aisha
 SB-682,Phoenix,48625,4171,3.5,23-07-2020,Liu
 SB-683,Boston,101040,3301,4.6,25-04-2020,Carlos
 SB-684,Houston,44089,,2.9,12-08-2020,Priya
SB - 685,New York,56487,585,3.8,02-01-2020,John
 SB-686,Seattle,85838,3615,2.7,28-02-2020,Emily
 SB-687,Seattle,116999,4732,2.7,27-12-2020,Liu
 SB-688,Phoenix,114795,2968,,15-08-2020,John
 SB-689,Boston,70138,4119,3.9,20-01-2020,Priya
SB - 690,Los Angeles,62823,,3.9,12-10-2020,Liu
 SB-691,Los Angeles,57208,2136,4.7,09-05-2020,Aisha
 SB-692,Seattle,74061,4083,3.9,08-07-2020,Carlos
 SB-693,Phoenix,50659,4509,4.9,25-11-2020,Carlos
 SB-694,Houston,51890,3826,2.6,21-07-2020,John
SB - 695,Los Angeles,99134,2718,2.7,16-05-2020,Wei
 SB-696,Houston,67055,,,11-10-2020,Wei
 SB-697,Boston,39508,2717,2.6,05-06-2020,Aisha
 SB-698,Los Angeles,62287,2869,3,11-12-2020,Carlos
 SB-699,Los Angeles,98916,4138,3.9,19-09-2020,John
SB - 700,Chicago,46984,3003,4.1,15-03-2020,John
 SB-701,Los Angeles,28125,1443,2.6,07-07-2020,Liu
 SB-702,Miami,56059,,4.9,03-06-2020,Liu
 SB-703,New York,89569,3337,4.6,05-07-2020,John
 SB-704,Miami,37087,3160,,18-07-2020,Liu
SB - 705,Phoenix,25704,3436,3.2,08-06-2020,Priya
 SB-706,Phoenix,80576,4944,2.7,20-01-2020,Liu
 SB-707,Houston,93384,4447,2.9,01-11-2020,Aisha
 SB-708,Miami,107128,,2.8,10-01-2020,Wei
 SB-709,Miami,92460,2176,2.8,16-12-2020,Wei
SB - 710,Miami,47208,1696,3.8,16-11-2020,Priya
 SB-711,Boston,105150,4605,3.1,23-08-2020,Emily
 SB-712,Los Angeles,86024,3287,,10-12-2020,Priya
 SB-713,New York,59882,1961,3.4,27-01-2020,Aisha
 SB-714,Houston,45923,,5,20-02-2020,John
SB - 715,Miami,49165,3818,4.2,16-01-2020,Priya
 SB-716,Miami,87203,1166,4.9,24-03-2020,John
 SB-717,Chicago,111749,2676,2.9,08-08-2020,Aisha
 SB-718,Houston,24114,4243,3.5,06-06-2020,Robert
 SB-719,Miami,84965,1100,3.9,09-05-2020,Aisha
SB - 720,Houston,56321,,,26-04-2020,Carlos
 SB-721,Los Angeles,93297,3152,2.7,28-12-2020,John
 SB-722,Chicago,116652,4922,2.5,23-12-2020,Wei
 SB-723,Houston,119304,4324,4.2,15-01-2020,Priya
 SB-724,New York,45426,4406,4.1,07-09-2020,Robert
SB - 725,New York,37772,1479,3.5,16-10-2020,Aisha
 SB-726,Phoenix,23712,,3.7,25-12-2020,John
 SB-727,Chicago,21367,2951,3.5,18-07-2020,Robert
 SB-728,Chicago,111736,1128,,26-06-2020,Emily
 SB-729,Phoenix,71924,2129,2.6,11-12-2020,Carlos
SB - 730,Houston,23726,4196,3.3,03-04-2020,Emily
 SB-731,Chicago,109152,3930,2.9,06-02-2020,Aisha
 SB-732,New York,47723,,2.7,22-08-2020,Emily
 SB-733,New York,29108,4174,4.9,05-09-2020,Emily
 SB-734,Miami,97714,4429,4,16-02-2020,Carlos
SB - 735,Los Angeles,55643,3265,4.3,25-08-2020,Carlos
 SB-736,Chicago,51324,4869,,20-10-2020,Liu
 SB-737,Houston,103360,615,3.3,11-06-2020,Carlos
 SB-738,Phoenix,28927,,3.5,24-10-2020,Robert
 SB-739,Phoenix,113680,2503,3.1,12-09-2020,Liu
SB - 740,Houston,116546,1192,2.7,28-05-2020,Carlos
 SB-741,Boston,42443,3662,2.9,27-06-2020,Emily
 SB-742,Seattle,99973,1605,4.5,05-04-2020,Wei
 SB-743,Los Angeles,83449,3508,4.2,09-07-2020,Wei
 SB-744,Phoenix,96743,,,27-10-2020,Liu
SB - 745,Chicago,80233,2661,3.9,14-06-2020,Carlos
 SB-746,Los Angeles,45537,653,3.7,08-06-2020,Robert
 SB-747,Chicago,97576,4199,4.8,20-11-2020,Priya
 SB-748,Boston,42612,4910,2.7,14-03-2020,John
 SB-749,New York,113977,4286,3.2,05-07-2020,Aisha
SB - 750,Los Angeles,26471,,3.4,02-02-2020,Robert
 SB-751,Miami,55631,1564,4.5,22-11-2020,Priya
 SB-752,Phoenix,112059,4700,,01-08-2020,Aisha
 SB-753,Los Angeles,51348,2413,5,22-11-2020,Priya
 SB-754,Los Angeles,84732,1716,3.1,02-12-2020,Priya
SB - 755,Los Angeles,21177,2901,4.7,07-02-2020,Liu
 SB-756,Seattle,24760,,4.6,17-10-2020,Wei
 SB-757,Los Angeles,52779,2272,3.1,23-06-2020,John
 SB-758,Chicago,41636,2460,3.5,07-08-2020,Priya
 SB-759,New York,101889,3280,3.5,25-06-2020,Carlos
SB - 760,Boston,73551,3371,,27-03-2020,Aisha
 SB-761,Houston,31556,1160,4.9,20-06-2020,Robert
 SB-762,Los Angeles,47598,,3,17-02-2020,Wei
 SB-763,Phoenix,31563,3135,4.5,12-12-2020,Aisha
 SB-764,Los Angeles,66819,2829,3.3,27-01-2020,Liu
SB - 765,Phoenix,93770,4454,4.3,03-10-2020,Carlos
 SB-766,Chicago,111055,2950,3.6,18-04-2020,Carlos
 SB-767,Phoenix,46966,1632,3.9,27-12-2020,Priya
 SB-768,Miami,101709,,,27-11-2020,Carlos
 SB-769,Houston,79889,1199,4.6,04-01-2020,John
SB - 770,New York,46987,2538,4.5,10-07-2020,Liu
 SB-771,Phoenix,98714,2679,4.7,06-11-2020,Carlos
 SB-772,Phoenix,78348,3338,2.6,27-06-2020,Priya
 SB-773,New York,44596,1373,4.2,15-09-2020,Aisha
 SB-774,Houston,53174,,2.8,04-02-2020,Liu
SB - 775,Los Angeles,84106,583,3.5,17-05-2020,Carlos
 SB-776,Phoenix,89967,1922,,08-08-2020,Wei
 SB-777,New York,79182,3175,3.9,12-06-2020,Liu
 SB-778,Miami,113300,3680,3.5,08-05-2020,Liu
 SB-779,Miami,107163,4816,3.8,03-03-2020,Robert
SB - 780,Chicago,59310,,5,21-02-2020,Wei
 SB-781,New York,76088,4475,2.8,19-03-2020,Wei
 SB-782,Chicago,28906,1891,4.2,16-06-2020,Aisha
 SB-783,Miami,56914,3718,3.5,16-08-2020,Emily
 SB-784,Houston,65379,4707,,20-02-2020,Robert
SB - 785,Los Angeles,98612,1114,2.8,07-11-2020,Wei
 SB-786,New York,57650,,2.9,17-01-2020,Wei
 SB-787,Boston,66881,3471,4.9,13-12-2020,Emily
 SB-788,Miami,66413,4065,4.7,07-10-2020,Aisha
 SB-789,Miami,26012,4076,4.8,01-07-2020,Robert
SB - 790,Boston,70115,770,5,04-01-2020,Wei
 SB-791,Seattle,27151,4566,3,05-05-2020,Priya
 SB-792,Miami,77716,,,24-04-2020,Aisha
 SB-793,Phoenix,113747,2968,3.4,25-07-2020,Robert
 SB-794,Houston,112653,1890,4.2,10-07-2020,Wei
SB - 795,New York,56378,3854,3.7,07-01-2020,Wei
 SB-796,Boston,62652,4635,3.5,07-01-2020,Emily
 SB-797,Phoenix,92430,4107,3.4,24-10-2020,Robert
 SB-798,Boston,33467,,4,09-11-2020,Priya
 SB-799,New York,51010,3083,3.9,03-12-2020,Aisha
SB - 800,Chicago,74691,4573,,04-04-2020,Carlos
 SB-801,New York,84157,3575,2.9,25-12-2020,John
 SB-802,Seattle,32289,4406,3.7,19-07-2020,Priya
 SB-803,New York,64976,789,3.9,05-10-2020,Carlos
 SB-804,New York,63596,,3.9,24-07-2020,Priya
SB - 805,Seattle,43171,2980,3,12-01-2020,Robert
 SB-806,Houston,106365,3752,4.4,07-02-2020,Carlos
 SB-807,Miami,119590,778,2.6,13-11-2020,Robert
 SB-808,New York,64139,3424,,07-02-2020,Carlos
 SB-809,Seattle,68713,1080,3.4,11-09-2020,Priya
SB - 810,Phoenix,49734,,4.5,07-02-2020,Emily
 SB-811,Chicago,92588,753,3.9,11-04-2020,Priya
 SB-812,Chicago,83646,4776,3.2,16-02-2020,Robert
 SB-813,New York,23654,1324,4.2,13-07-2020,Priya
 SB-814,Houston,109022,4332,3.9,17-05-2020,Liu
SB - 815,Houston,38743,1199,4.5,12-05-2020,Liu
 SB-816,Phoenix,68368,,,19-12-2020,Carlos
 SB-817,New York,110025,1880,4.3,06-07-2020,Liu
 SB-818,Chicago,94172,4396,4,13-08-2020,John
 SB-819,Houston,26441,2173,3.7,02-05-2020,Carlos
SB - 820,New York,44611,3227,2.8,11-09-2020,Liu
 SB-821,Boston,32149,3656,3.2,06-08-2020,Wei
 SB-822,Houston,79189,,3.5,07-10-2020,Priya
 SB-823,Seattle,41675,3888,4,07-09-2020,Aisha
 SB-824,Boston,91031,4807,,06-03-2020,Priya
SB - 825,Miami,62668,883,3.8,11-11-2020,Liu
 SB-826,Houston,33673,841,3.2,02-07-2020,Emily
 SB-827,Chicago,96666,2487,2.5,04-03-2020,Robert
 SB-828,Los Angeles,108204,,3.7,06-10-2020,Aisha
 SB-829,Boston,100758,4559,3.2,25-01-2020,Carlos
SB - 830,Miami,85429,3609,4.3,28-05-2020,Emily
 SB-831,Phoenix,43669,4582,2.6,09-07-2020,Priya
 SB-832,Phoenix,54068,3298,,01-09-2020,Liu
 SB-833,Chicago,108789,3740,4,19-01-2020,Carlos
 SB-834,Houston,29435,,4.9,18-06-2020,Carlos
SB - 835,New York,114088,2488,2.9,28-10-2020,Wei
 SB-836,Houston,72249,3914,3.7,01-11-2020,Wei
 SB-837,Chicago,57384,2349,2.7,13-01-2020,Liu
 SB-838,Phoenix,101929,805,4.1,20-05-2020,Liu
 SB-839,Houston,96153,4113,3.9,20-01-2020,John
SB - 840,Phoenix,95388,,,18-03-2020,Wei
 SB-841,Boston,51401,3249,3.5,14-09-2020,Robert
 SB-842,Miami,91831,1635,3.8,17-11-2020,Aisha
 SB-843,New York,54084,705,4.7,14-07-2020,Carlos
 SB-844,Boston,75826,3950,3,05-04-2020,Wei
SB - 845,Phoenix,56451,4311,2.6,21-10-2020,Liu
 SB-846,Phoenix,27227,,4.7,22-01-2020,John
 SB-847,Los Angeles,51910,4122,3.9,02-09-2020,Liu
 SB-848,Los Angeles,56041,4099,,22-07-2020,Liu
 SB-849,Boston,108920,3051,4.7,04-05-2020,Liu
SB - 850,Seattle,85681,4808,4,06-04-2020,Priya
 SB-851,Boston,101571,809,4.5,21-04-2020,Aisha
 SB-852,Los Angeles,85481,,3.6,05-06-2020,Wei
 SB-853,Phoenix,88576,3208,4.4,25-07-2020,Carlos
 SB-854,Chicago,84174,2491,4.8,23-10-2020,Priya
SB - 855,Boston,46160,771,3.9,20-07-2020,Liu
 SB-856,Phoenix,37633,4142,,14-01-2020,Robert
 SB-857,Chicago,114880,4586,3,04-08-2020,Carlos
 SB-858,Chicago,37014,,3.2,21-01-2020,Priya
 SB-859,Los Angeles,100532,2322,3,20-08-2020,Robert
SB - 860,Boston,69104,3773,3.1,08-12-2020,Robert
 SB-861,Houston,61621,4849,3.3,03-08-2020,Aisha
 SB-862,New York,97231,1020,3.9,19-09-2020,Carlos
 SB-863,Los Angeles,88388,1476,4,02-01-2020,Wei
 SB-864,Los Angeles,36014,,,28-06-2020,Wei
SB - 865,Houston,112578,4222,3.6,18-10-2020,John
 SB-866,New York,53755,4051,4,14-06-2020,Priya
 SB-867,Phoenix,60390,4605,2.7,27-01-2020,John
 SB-868,Seattle,43711,3273,2.7,05-01-2020,Emily
 SB-869,Boston,111658,3052,2.9,13-10-2020,Wei
SB - 870,Seattle,77993,,3.8,25-11-2020,Priya
 SB-871,Phoenix,94696,3332,3,03-08-2020,Aisha
 SB-872,Miami,47213,4407,,17-03-2020,John
 SB-873,Los Angeles,77784,652,3.2,16-03-2020,Aisha
 SB-874,New York,27421,3464,3.5,28-12-2020,Aisha
SB - 875,Los Angeles,106936,3416,4.5,11-12-2020,Liu
 SB-876,Chicago,119073,,2.5,08-01-2020,Liu
 SB-877,Los Angeles,37727,3300,4.1,21-01-2020,Aisha
 SB-878,Los Angeles,24358,2252,4.2,23-09-2020,John
 SB-879,Phoenix,85108,3110,4.5,11-04-2020,Liu
SB - 880,Phoenix,114018,4375,,25-09-2020,Emily
 SB-881,Phoenix,52117,1604,4.8,10-02-2020,Robert
 SB-882,Seattle,108700,,2.6,11-10-2020,Robert
 SB-883,Chicago,51910,3036,2.9,06-12-2020,Liu
 SB-884,Miami,118032,4699,4.7,24-04-2020,John
SB - 885,Miami,75754,4354,3.6,11-12-2020,Robert
 SB-886,Phoenix,82438,3994,3.9,23-07-2020,Carlos
 SB-887,New York,49371,2414,4.2,26-11-2020,Robert
 SB-888,Seattle,71501,,,13-09-2020,Wei
 SB-889,Houston,80946,3572,4.2,06-05-2020,John
SB - 890,New York,58467,1506,4.8,06-01-2020,Liu
 SB-891,Boston,37625,906,5,22-02-2020,Liu
 SB-892,Boston,53893,666,4.3,24-09-2020,Robert
 SB-893,New York,96329,1008,3.2,15-09-2020,John
 SB-894,Phoenix,51007,,4.7,08-10-2020,Emily
SB - 895,Houston,111302,2161,2.6,24-03-2020,Carlos
 SB-896,Houston,59532,4164,,06-06-2020,Liu
 SB-897,Seattle,74253,3989,3.1,03-06-2020,John
 SB-898,Houston,32323,1180,4.7,01-10-2020,Liu
 SB-899,Boston,93379,3024,3.1,14-12-2020,Liu
SB - 900,Chicago,34210,,3.1,26-04-2020,Wei
 SB-901,Phoenix,36456,2620,2.8,06-12-2020,Robert
 SB-902,Houston,51367,4857,4.6,12-11-2020,Wei
 SB-903,Seattle,74624,1863,3.8,18-10-2020,Robert
 SB-904,Boston,30106,1831,,07-07-2020,Liu
SB - 905,Chicago,88008,2792,4.2,04-11-2020,John
 SB-906,Los Angeles,92240,,3.1,01-04-2020,Aisha
 SB-907,Los Angeles,84315,2038,4.4,09-02-2020,Robert
 SB-908,Chicago,89249,3908,4.4,24-10-2020,Aisha
 SB-909,Boston,90587,1060,3.3,09-08-2020,Carlos
SB - 910,Seattle,30756,1599,3.5,09-07-2020,Wei
 SB-911,Chicago,88011,2403,3,28-10-2020,Aisha
 SB-912,Phoenix,56378,,,06-02-2020,Wei
 SB-913,Phoenix,24255,674,4.9,11-03-2020,Robert
 SB-914,Los Angeles,34484,2656,4.1,03-06-2020,Robert
SB - 915,Houston,76549,2730,4.8,11-08-2020,Carlos
 SB-916,Seattle,54503,4787,3.3,28-04-2020,Robert
 SB-917,Los Angeles,93794,4660,4.5,06-10-2020,Liu
 SB-918,Houston,65113,,4.4,18-09-2020,Carlos
 SB-919,Houston,94069,4420,4.2,07-02-2020,Aisha
SB - 920,Miami,118117,1997,,18-02-2020,Robert
 SB-921,Phoenix,25249,4354,4.9,09-04-2020,John
 SB-922,Boston,39201,3671,3.5,02-08-2020,Priya
 SB-923,New York,78576,2067,2.8,20-08-2020,Emily
 SB-924,Boston,29686,,4.2,11-02-2020,Liu
SB - 925,New York,73363,1651,4.3,07-10-2020,Priya
 SB-926,Chicago,117543,868,3.9,10-06-2020,Priya
 SB-927,Phoenix,20661,542,3,11-05-2020,Wei
 SB-928,Houston,64843,2407,,02-01-2020,Liu
 SB-929,Seattle,115673,3990,3.8,01-08-2020,Liu
SB - 930,New York,80963,,3.3,02-03-2020,Carlos
 SB-931,Boston,62828,3035,3.6,20-05-2020,Wei
 SB-932,Houston,68604,4673,4.1,21-07-2020,Aisha
 SB-933,New York,30526,3373,4.4,04-08-2020,Emily
 SB-934,New York,88910,2324,3.1,22-12-2020,Aisha
SB - 935,Miami,45592,1793,3.5,18-04-2020,John
 SB-936,New York,48982,,,01-01-2020,Emily
 SB-937,Seattle,20207,3886,3.2,14-08-2020,Wei
 SB-938,Phoenix,108733,3472,3,05-04-2020,Robert
 SB-939,Seattle,118936,4422,4.5,24-11-2020,Robert
SB - 940,Los Angeles,88619,1492,4.8,23-12-2020,Wei
 SB-941,Houston,49328,2886,3.4,13-08-2020,Aisha
 SB-942,Phoenix,66479,,4.4,22-08-2020,Wei
 SB-943,Miami,40103,2740,4.7,02-10-2020,Wei
 SB-944,Phoenix,59891,1976,,14-06-2020,Priya
SB - 945,Phoenix,30754,3907,4.6,17-01-2020,John
 SB-946,Boston,119983,889,3,19-11-2020,Liu
 SB-947,Phoenix,101437,1499,4.9,11-03-2020,Robert
 SB-948,Miami,118540,,3.4,17-05-2020,Priya
 SB-949,Seattle,92982,2355,3.3,22-10-2020,Wei
SB - 950,Phoenix,75922,1158,2.7,10-07-2020,Carlos
 SB-951,Chicago,68231,3263,3.7,11-12-2020,Priya
 SB-952,Houston,49301,4163,,20-03-2020,Wei
 SB-953,Phoenix,111652,1981,2.8,27-10-2020,Robert
 SB-954,Houston,82711,,3.1,14-10-2020,Liu
SB - 955,Chicago,61323,4231,3.3,15-12-2020,Wei
 SB-956,Chicago,38752,951,4.5,10-10-2020,John
 SB-957,Houston,117912,2975,4.7,19-10-2020,Aisha
 SB-958,New York,102205,3722,3.3,24-01-2020,Emily
 SB-959,Los Angeles,118452,2037,4.6,10-10-2020,Priya
SB - 960,Boston,33395,,,17-02-2020,Priya
 SB-961,New York,105957,3593,4.6,07-08-2020,Priya
 SB-962,New York,76273,1382,4.4,20-07-2020,Wei
 SB-963,Seattle,111878,4908,2.9,09-11-2020,Liu
 SB-964,Boston,24895,4568,4.2,02-06-2020,John
SB - 965,Boston,96559,3066,4.9,01-01-2020,Liu
 SB-966,New York,30699,,4.2,20-09-2020,Wei
 SB-967,Phoenix,85061,3777,3.3,19-05-2020,Wei
 SB-968,Seattle,29715,874,,28-04-2020,Aisha
 SB-969,Seattle,39169,4197,3.8,13-08-2020,Carlos
SB - 970,Chicago,36163,3562,4.1,09-04-2020,John
 SB-971,Miami,25782,3750,3.8,22-09-2020,Priya
 SB-972,Boston,108177,,2.8,12-02-2020,Emily
 SB-973,New York,104328,612,3.3,11-10-2020,Priya
 SB-974,Chicago,55585,3697,4.5,09-07-2020,Liu
SB - 975,Houston,50682,2878,4.7,19-06-2020,Wei
 SB-976,Los Angeles,67864,2424,,16-07-2020,John
 SB-977,Miami,104416,639,2.8,16-05-2020,Robert
 SB-978,Miami,75114,,4.9,19-01-2020,John
 SB-979,Miami,58067,1924,3.3,07-05-2020,John
SB - 980,Seattle,62685,3449,4.2,22-03-2020,Carlos
 SB-981,Houston,38073,3668,4.4,17-05-2020,Priya
 SB-982,Miami,56035,1016,4.5,22-10-2020,Carlos
 SB-983,Houston,84977,3116,4.9,01-08-2020,Robert
 SB-984,Phoenix,110373,,,15-02-2020,Robert
SB - 985,Miami,103362,1387,3.3,28-04-2020,Aisha
 SB-986,Los Angeles,110517,3604,4.6,11-02-2020,Liu
 SB-987,Houston,85450,549,2.8,10-09-2020,Emily
 SB-988,Houston,30382,4451,4.3,24-08-2020,Aisha
 SB-989,Los Angeles,24437,4060,4.4,05-04-2020,Wei
SB - 990,Miami,90971,,4.2,13-04-2020,Carlos
 SB-991,Los Angeles,84612,518,3.1,13-09-2020,Carlos
 SB-992,Houston,110355,1973,,27-02-2020,Aisha
 SB-993,Los Angeles,81929,4561,4.7,02-08-2020,Wei
 SB-994,Houston,117518,3106,2.9,26-01-2020,John
SB - 995,Houston,118864,951,2.6,09-03-2020,Wei
 SB-996,Phoenix,32329,,4.3,03-12-2020,Priya
 SB-997,New York,45169,4265,3.7,07-09-2020,Aisha
 SB-998,Houston,107468,2938,4.6,01-10-2020,Liu
 SB-999,Miami,54594,4810,3.5,21-10-2020,Wei
SB - 1000,Chicago,96957,2049,,28-09-2020,John
 SB-1001,Seattle,80631,3974,2.9,25-03-2020,Wei
 SB-1002,Boston,65033,,4.6,09-05-2020,Carlos
 SB-1003,New York,83133,627,3.9,22-10-2020,Emily
 SB-1004,New York,93165,3261,3,23-09-2020,Carlos
SB - 1005,New York,93861,4956,4.3,24-07-2020,Liu
 SB-1006,Phoenix,72290,1915,3.8,12-07-2020,Robert
 SB-1007,Houston,114031,701,4,27-09-2020,Emily
 SB-1008,Phoenix,51750,,,06-09-2020,Robert
 SB-1009,Houston,115155,2869,3.7,02-07-2020,Wei
SB - 1010,Miami,60461,1017,4.6,28-09-2020,Priya
 SB-1011,Phoenix,93800,1841,4.6,01-01-2020,Liu
 SB-1012,Phoenix,98222,2488,4.3,28-03-2020,Wei
 SB-1013,Seattle,44226,4045,2.8,05-06-2020,John
 SB-1014,Chicago,26721,,4.6,09-02-2020,Wei
SB - 1015,Phoenix,76154,4302,4.2,14-10-2020,Emily
 SB-1016,Seattle,40609,3775,,04-04-2020,Carlos
 SB-1017,Los Angeles,72130,4154,4.2,15-05-2020,Priya
 SB-1018,Chicago,92909,2934,3.4,26-08-2020,Robert
 SB-1019,Miami,75249,707,4.7,16-04-2020,Wei
SB - 1020,Phoenix,68895,,4.3,28-05-2020,Wei
 SB-1021,Boston,114473,3133,2.8,16-04-2020,Carlos
 SB-1022,New York,25656,4617,3.5,12-06-2020,Priya
 SB-1023,Los Angeles,94520,653,4.7,08-03-2020,Aisha
 SB-1024,Los Angeles,83740,3866,,10-06-2020,Robert
SB - 1025,Miami,84309,4814,2.6,18-05-2020,Wei
 SB-1026,Seattle,49984,,4.9,10-10-2020,Wei
 SB-1027,Los Angeles,93822,2018,4.2,18-07-2020,Aisha
 SB-1028,Chicago,25901,3100,4.1,07-01-2020,Robert
 SB-1029,Phoenix,51552,2695,3.2,01-05-2020,Emily
SB - 1030,Phoenix,111245,4998,3.1,28-04-2020,Emily
 SB-1031,Boston,51055,4054,4.9,10-04-2020,Liu
 SB-1032,Miami,57685,,,09-07-2020,Liu
 SB-1033,New York,93965,2914,3.2,28-02-2020,John
 SB-1034,Seattle,34716,3349,4.4,02-01-2020,Carlos
SB - 1035,New York,31138,2242,3.5,10-07-2020,Priya
 SB-1036,Los Angeles,55298,1806,2.8,20-06-2020,Wei
 SB-1037,Miami,71112,4349,2.5,13-01-2020,Robert
 SB-1038,Boston,43429,,3.9,05-01-2020,Wei
 SB-1039,New York,70200,4668,4.9,28-01-2020,Liu
SB - 1040,Chicago,91308,4695,,16-07-2020,John
 SB-1041,Phoenix,68244,3055,3.4,17-11-2020,Robert
 SB-1042,Los Angeles,37347,2805,3.4,02-01-2020,Robert
 SB-1043,Boston,36920,1588,3.4,28-11-2020,Wei
 SB-1044,New York,51822,,3.8,03-10-2020,Carlos
SB - 1045,Seattle,66659,3142,3.6,17-11-2020,John
 SB-1046,Chicago,60108,1677,4.7,10-09-2020,Carlos
 SB-1047,Chicago,109099,3494,3.8,21-08-2020,John
 SB-1048,New York,27967,1059,,18-11-2020,Wei
 SB-1049,Phoenix,31871,3464,3.8,06-05-2020,John
SB - 1050,New York,114299,,2.8,11-01-2020,Emily
 SB-1051,Los Angeles,97452,1771,5,16-04-2020,Robert
 SB-1052,New York,94270,2313,3.1,02-09-2020,Priya
 SB-1053,Chicago,53613,3415,2.7,01-05-2020,Wei
 SB-1054,Boston,48179,1109,4.2,04-04-2020,Aisha
SB - 1055,New York,72188,2961,4,26-06-2020,Priya
 SB-1056,Phoenix,75099,,,03-09-2020,Wei
 SB-1057,Miami,55262,4620,3.5,22-09-2020,Priya
 SB-1058,Boston,98213,783,3.6,12-07-2020,Emily
 SB-1059,Seattle,38268,3428,4.5,02-10-2020,Priya
SB - 1060,Houston,97866,4896,3,10-11-2020,John
 SB-1061,New York,106269,1591,4.6,06-06-2020,Liu
 SB-1062,Phoenix,80545,,4.1,02-02-2020,Priya
 SB-1063,Boston,112822,1316,3.5,10-02-2020,Wei
 SB-1064,Phoenix,92146,582,,01-12-2020,Aisha
SB - 1065,Seattle,91966,2420,3.6,08-05-2020,Aisha
 SB-1066,Chicago,59922,3991,3.1,13-02-2020,Liu
 SB-1067,Phoenix,99364,3644,4.4,12-05-2020,Carlos
 SB-1068,Boston,62913,,3.8,10-08-2020,Liu
 SB-1069,Phoenix,117033,2593,3.3,18-05-2020,Robert
SB - 1070,Phoenix,75677,675,4,15-03-2020,Priya
 SB-1071,Phoenix,69841,3204,5,27-06-2020,Aisha
 SB-1072,Los Angeles,66332,869,,21-11-2020,Liu
 SB-1073,Los Angeles,112062,2318,3.6,20-11-2020,Priya
 SB-1074,Chicago,115694,,4.8,21-04-2020,Robert
SB - 1075,New York,45032,2601,3.4,25-02-2020,Aisha
 SB-1076,Phoenix,57846,3990,2.6,10-02-2020,Robert
 SB-1077,Seattle,79474,2279,3,26-02-2020,Priya
 SB-1078,New York,64936,1864,3.5,14-09-2020,Wei
 SB-1079,Seattle,49794,4962,3,10-03-2020,Priya
SB - 1080,New York,81588,,,04-07-2020,Liu
 SB-1081,Chicago,90984,3842,2.5,14-06-2020,Robert
 SB-1082,Phoenix,70331,4176,4.8,26-04-2020,Wei
 SB-1083,Phoenix,114397,2926,4.6,17-07-2020,Wei
 SB-1084,Houston,48141,572,4.4,19-03-2020,Carlos
SB - 1085,Seattle,29074,3462,2.9,06-01-2020,Aisha
 SB-1086,New York,26406,,2.8,16-11-2020,John
 SB-1087,New York,117359,1359,2.7,08-09-2020,Wei
 SB-1088,Miami,43291,4356,,07-11-2020,Robert
 SB-1089,Miami,61568,4638,4.3,24-10-2020,Aisha
SB - 1090,Los Angeles,117539,2924,4.8,25-06-2020,Emily
 SB-1091,Houston,66851,1564,3.6,26-03-2020,Priya
 SB-1092,Boston,119942,,2.8,09-10-2020,Liu
 SB-1093,Miami,74823,2717,3.8,23-04-2020,Robert
 SB-1094,Boston,43312,4517,3.4,02-09-2020,Emily
SB - 1095,Los Angeles,63108,2759,3.4,16-02-2020,Robert
 SB-1096,Los Angeles,86918,4251,,28-09-2020,Priya
 SB-1097,Los Angeles,54171,2586,4.1,09-03-2020,Carlos
 SB-1098,Seattle,61779,,4.3,22-05-2020,Robert
 SB-1099,Seattle,88828,868,2.8,08-02-2020,Wei
SB - 1100,Chicago,118723,3304,2.6,09-11-2020,John
 SB-1101,Chicago,32411,650,5,06-02-2020,Wei
 SB-1102,Los Angeles,77009,1634,3.1,08-06-2020,Priya
 SB-1103,Houston,35422,3284,2.6,28-10-2020,Robert
 SB-1104,New York,62468,,,09-05-2020,John
SB - 1105,Seattle,52371,4664,3,09-01-2020,Wei
 SB-1106,Houston,77022,2846,2.6,23-10-2020,John
 SB-1107,Phoenix,91229,2750,3.5,03-04-2020,Liu
 SB-1108,Seattle,119071,560,4.5,15-10-2020,Priya
 SB-1109,Seattle,71196,3510,3.4,14-11-2020,Carlos
SB - 1110,Chicago,100354,,3.6,12-06-2020,Carlos
 SB-1111,New York,116774,4401,4.2,16-01-2020,Robert
 SB-1112,New York,116410,1837,,02-03-2020,Wei
 SB-1113,Miami,46715,1684,3.8,09-11-2020,Emily
 SB-1114,Boston,47605,4926,4.7,18-03-2020,Priya
SB - 1115,Boston,119853,2051,4.7,15-04-2020,Wei
 SB-1116,Boston,51174,,2.5,17-02-2020,Wei
 SB-1117,Boston,29956,4933,4.4,26-06-2020,Carlos
 SB-1118,Phoenix,96373,2129,3.7,10-08-2020,Robert
 SB-1119,Phoenix,89252,1827,5,18-10-2020,John
SB - 1120,Seattle,81949,2026,,19-09-2020,Priya
 SB-1121,Los Angeles,82646,2173,3.7,28-08-2020,Liu
 SB-1122,Chicago,90017,,5,03-08-2020,John
 SB-1123,Chicago,83037,1861,4.4,12-03-2020,Aisha
 SB-1124,Boston,109818,2073,3.1,17-06-2020,Aisha
SB - 1125,Seattle,26548,3186,3.8,17-04-2020,Priya
 SB-1126,Miami,93294,4870,5,09-03-2020,Robert
 SB-1127,Houston,43177,2866,4.6,12-05-2020,Emily
 SB-1128,Los Angeles,44022,,,11-05-2020,Aisha
 SB-1129,Seattle,25542,4257,2.7,03-04-2020,Carlos
SB - 1130,Los Angeles,111012,2934,4.3,15-05-2020,Emily
 SB-1131,Los Angeles,116320,2493,3.4,20-11-2020,Wei
 SB-1132,Los Angeles,80428,1369,2.5,04-08-2020,Aisha
 SB-1133,Seattle,42740,1514,3.5,12-11-2020,Carlos
 SB-1134,Boston,79353,,3.1,06-08-2020,Wei
SB - 1135,Chicago,110353,2411,4.5,16-12-2020,Emily
 SB-1136,Chicago,76532,1102,,21-11-2020,Priya
 SB-1137,Boston,36052,4321,3.3,20-04-2020,Wei
 SB-1138,Los Angeles,67076,1190,4.6,04-12-2020,John
 SB-1139,Houston,73420,993,2.5,13-11-2020,Priya
SB - 1140,New York,20671,,3.3,04-09-2020,Priya
 SB-1141,Seattle,20163,989,3.1,09-12-2020,Emily
 SB-1142,New York,61424,3056,3.1,06-10-2020,Emily
 SB-1143,Miami,73744,4985,2.7,13-10-2020,Carlos
 SB-1144,Boston,90331,794,,28-07-2020,Carlos
SB - 1145,Houston,30634,4527,3,19-10-2020,John
 SB-1146,Seattle,24798,,3.9,19-08-2020,Priya
 SB-1147,Boston,42420,3343,3.2,13-01-2020,Liu
 SB-1148,Los Angeles,49300,3412,3.5,28-10-2020,Robert
 SB-1149,Chicago,109881,2217,3.4,02-05-2020,John
SB - 1150,New York,30749,3096,4.7,22-10-2020,John
 SB-1151,Phoenix,45121,2373,4.8,09-10-2020,Robert
 SB-1152,Phoenix,57487,,,14-01-2020,Robert
 SB-1153,Houston,113947,3758,3.7,15-04-2020,Robert
 SB-1154,Los Angeles,53361,3317,3.3,17-01-2020,Emily
SB - 1155,Miami,41223,944,2.8,13-08-2020,John
 SB-1156,New York,92930,4141,4.9,15-11-2020,John
 SB-1157,Los Angeles,34056,4958,2.7,17-02-2020,Wei
 SB-1158,New York,48380,,3.2,08-11-2020,Robert
 SB-1159,Houston,46035,1241,3.2,03-04-2020,Robert
SB - 1160,Houston,50620,2541,,20-12-2020,Carlos
 SB-1161,Miami,39877,1179,3.3,21-11-2020,Carlos
 SB-1162,Phoenix,75316,2967,2.9,11-01-2020,Priya
 SB-1163,Los Angeles,84041,4197,4.5,19-01-2020,Carlos
 SB-1164,Seattle,73352,,2.8,01-06-2020,Aisha
SB - 1165,Phoenix,50911,1858,4.1,12-11-2020,Priya
 SB-1166,Los Angeles,52784,562,2.8,28-02-2020,Liu
 SB-1167,Phoenix,23191,3059,2.7,14-07-2020,Robert
 SB-1168,Seattle,53160,4269,,13-01-2020,Wei
 SB-1169,Chicago,110536,4851,4.8,15-07-2020,Carlos
SB - 1170,Chicago,84641,,3,10-04-2020,Wei
 SB-1171,Miami,69723,634,4.6,14-06-2020,Carlos
 SB-1172,Chicago,23631,4144,3.9,25-08-2020,Carlos
 SB-1173,Chicago,26172,2635,2.7,12-06-2020,Wei
 SB-1174,Boston,62080,3778,4.9,25-11-2020,John
SB - 1175,New York,109097,1322,3.1,22-04-2020,John
 SB-1176,Boston,110353,,,25-08-2020,John
 SB-1177,Boston,40281,3574,4.6,02-03-2020,Aisha
 SB-1178,Miami,48671,3481,2.9,20-06-2020,John
 SB-1179,Boston,71431,620,4.6,08-01-2020,Carlos
SB - 1180,Chicago,110900,2137,2.5,14-09-2020,Robert
 SB-1181,Seattle,112961,1424,3.8,02-09-2020,Emily
 SB-1182,Miami,48602,,4.4,23-09-2020,Wei
 SB-1183,Miami,108789,1144,4.8,23-05-2020,Robert
 SB-1184,Houston,71399,2532,,08-09-2020,Emily
SB - 1185,Miami,43472,3261,4.8,16-06-2020,Robert
 SB-1186,Houston,69230,2568,4.5,15-04-2020,Aisha
 SB-1187,Miami,93616,741,4.7,22-01-2020,Emily
 SB-1188,New York,27099,,3,06-03-2020,Liu
 SB-1189,Chicago,45431,3168,3.2,14-06-2020,Priya
SB - 1190,Miami,76492,1302,3.2,18-04-2020,John
 SB-1191,Chicago,116722,4664,3.4,18-09-2020,Liu
 SB-1192,Chicago,67684,695,,10-03-2020,Aisha
 SB-1193,Phoenix,50111,2687,3.5,07-01-2020,Robert
 SB-1194,Miami,83936,,3.9,27-01-2020,Carlos
SB - 1195,Los Angeles,42614,4015,2.9,27-09-2020,John
 SB-1196,Phoenix,112260,2830,4.2,17-11-2020,Liu
 SB-1197,Los Angeles,61991,2859,2.9,07-05-2020,John
 SB-1198,Chicago,90476,4106,3.3,25-03-2020,Emily
 SB-1199,Chicago,80920,776,3.8,15-08-2020,Priya
SB - 1200,Phoenix,114294,,,15-03-2020,John
 SB-1201,Phoenix,83530,560,4.5,23-05-2020,Robert
 SB-1202,Los Angeles,56224,3890,4.3,20-12-2020,Robert
 SB-1203,Houston,27788,2413,4.1,03-05-2020,Wei
 SB-1204,Los Angeles,48082,4427,2.9,26-09-2020,Wei
SB - 1205,Phoenix,109570,3091,3.9,07-09-2020,John
 SB-1206,Seattle,96816,,2.7,02-10-2020,Emily
 SB-1207,Phoenix,103588,1066,3.4,23-07-2020,Emily
 SB-1208,Seattle,36531,4435,,21-11-2020,Carlos
 SB-1209,New York,108340,2071,3.5,13-09-2020,Aisha
SB - 1210,Phoenix,114439,1700,2.6,27-12-2020,Aisha
 SB-1211,New York,64857,4909,3.2,20-03-2020,Liu
 SB-1212,Houston,30142,,4.9,06-01-2020,Aisha
 SB-1213,Los Angeles,68355,3354,4.9,01-04-2020,Priya
 SB-1214,Seattle,29866,3395,3.4,19-02-2020,Emily
SB - 1215,Los Angeles,90067,1736,2.6,13-09-2020,Carlos
 SB-1216,New York,84027,636,,23-08-2020,Wei
 SB-1217,Seattle,77906,1529,2.9,12-11-2020,Robert
 SB-1218,Los Angeles,48138,,3.5,01-04-2020,Aisha
 SB-1219,Phoenix,112601,2656,4.9,04-08-2020,Wei
SB - 1220,Chicago,49956,3094,2.9,09-03-2020,Wei
 SB-1221,New York,96295,1161,4.4,04-10-2020,John
 SB-1222,Los Angeles,25439,2972,2.8,09-04-2020,Priya
 SB-1223,New York,67241,3177,5,11-12-2020,Carlos
 SB-1224,Boston,62533,,,18-12-2020,Priya
SB - 1225,New York,48270,2808,3.5,16-12-2020,John
 SB-1226,Seattle,98815,586,4.4,20-05-2020,Carlos
 SB-1227,Boston,59279,3012,3.4,12-09-2020,Carlos
 SB-1228,Miami,43888,3442,4.1,25-05-2020,Emily
 SB-1229,Seattle,37630,3273,3,09-11-2020,Priya
SB - 1230,Chicago,81063,,2.9,25-02-2020,Priya
 SB-1231,Boston,55144,3004,4.8,20-03-2020,Emily
 SB-1232,Miami,72161,3810,,14-01-2020,Liu
 SB-1233,Phoenix,116718,2200,4.8,17-01-2020,Wei
 SB-1234,New York,111074,4170,4.7,27-09-2020,John
SB - 1235,Los Angeles,97360,3200,4.1,05-08-2020,Priya
 SB-1236,Houston,70979,,4.5,09-05-2020,Emily
 SB-1237,New York,117661,4129,2.7,19-03-2020,Robert
 SB-1238,Miami,26979,2147,3.3,09-07-2020,Liu
 SB-1239,New York,46189,3818,3.3,18-06-2020,Carlos
SB - 1240,Chicago,62600,4187,,02-01-2020,Aisha
 SB-1241,Phoenix,79560,1096,4.1,26-01-2020,Robert
 SB-1242,Houston,98040,,3.4,25-10-2020,Emily
 SB-1243,Boston,81558,984,2.9,15-10-2020,Aisha
 SB-1244,Boston,106205,1145,4,16-12-2020,Wei
SB - 1245,Boston,26910,3589,4.5,15-08-2020,John
 SB-1246,Miami,77713,4884,3.5,15-07-2020,Aisha
 SB-1247,Seattle,66857,1220,2.8,08-03-2020,Liu
 SB-1248,Seattle,54964,,,02-02-2020,Wei
 SB-1249,Los Angeles,105667,998,3,10-11-2020,Aisha
SB - 1250,Houston,45227,2173,3.1,23-03-2020,Carlos
 SB-1251,Boston,25978,3567,3.2,08-01-2020,Carlos
 SB-1252,Seattle,107527,614,4.1,23-12-2020,Liu
 SB-1253,Miami,37153,3479,4,14-04-2020,Carlos
 SB-1254,Los Angeles,79765,,4.2,10-05-2020,Carlos
SB - 1255,Phoenix,119084,2236,3.4,04-01-2020,Emily
 SB-1256,Los Angeles,59071,4111,,17-01-2020,Carlos
 SB-1257,Seattle,89519,2753,4.6,17-10-2020,Robert
 SB-1258,Chicago,29503,2794,3,23-07-2020,Carlos
 SB-1259,Miami,80703,4130,3.7,15-04-2020,Robert
SB - 1260,Chicago,84379,,4.5,02-12-2020,Emily
 SB-1261,Boston,115457,646,3,19-12-2020,Carlos
 SB-1262,Chicago,77866,4482,2.8,13-08-2020,Liu
 SB-1263,Boston,36905,3953,4.7,11-08-2020,Wei
 SB-1264,Boston,65838,2910,,22-11-2020,Liu
SB - 1265,Seattle,78279,636,3.4,09-10-2020,Wei
 SB-1266,Chicago,109489,,4.2,28-11-2020,Priya
 SB-1267,Boston,46806,3860,2.6,20-09-2020,Wei
 SB-1268,Houston,65000,3505,4.2,01-12-2020,John
 SB-1269,Phoenix,42168,4052,3.3,12-01-2020,John
SB - 1270,Los Angeles,90119,518,2.6,05-10-2020,John
 SB-1271,Los Angeles,58714,2742,4,15-02-2020,Emily
 SB-1272,Seattle,74093,,,07-06-2020,Liu
 SB-1273,Chicago,75419,948,3.1,06-01-2020,Wei
 SB-1274,Chicago,69145,2448,3.5,12-08-2020,Liu
SB - 1275,Boston,97425,1445,2.7,14-05-2020,Robert
 SB-1276,Miami,112949,4736,2.9,23-12-2020,John
 SB-1277,New York,97811,2420,3.2,22-10-2020,Priya
 SB-1278,Boston,22461,,2.7,15-04-2020,Emily
 SB-1279,Phoenix,34291,3477,4.8,26-07-2020,Priya
SB - 1280,Houston,66804,4688,,10-09-2020,Wei
 SB-1281,Los Angeles,96971,4515,2.5,16-10-2020,Carlos
 SB-1282,Boston,113471,738,3.7,28-07-2020,Priya
 SB-1283,New York,84946,704,2.8,23-05-2020,Carlos
 SB-1284,New York,118989,,3.3,18-03-2020,Emily
SB - 1285,Boston,104080,3107,4.8,15-11-2020,Priya
 SB-1286,Seattle,81332,4840,2.9,20-05-2020,Priya
 SB-1287,Los Angeles,97794,3888,4.9,24-05-2020,Aisha
 SB-1288,Seattle,50841,3472,,04-12-2020,Emily
 SB-1289,Houston,68758,4890,3,07-09-2020,Emily
SB - 1290,New York,96272,,4.4,28-10-2020,John
 SB-1291,New York,57643,3187,3.9,13-07-2020,Wei
 SB-1292,Phoenix,70408,4666,4.7,12-08-2020,Priya
 SB-1293,Houston,63950,1848,3.9,24-06-2020,Liu
 SB-1294,New York,76849,4900,3.8,26-03-2020,Priya
SB - 1295,Houston,48044,1316,3,01-10-2020,Robert
 SB-1296,Los Angeles,35997,,,17-06-2020,Emily
 SB-1297,Chicago,99751,1320,2.9,18-09-2020,Liu
 SB-1298,New York,118605,692,4.8,18-11-2020,Emily
 SB-1299,Phoenix,43911,2276,3.3,18-07-2020,Wei
SB - 1300,Los Angeles,75533,4145,3.4,08-10-2020,Emily
 SB-1301,Boston,102566,750,4.4,07-06-2020,Carlos
 SB-1302,Houston,114870,,3.3,22-07-2020,Carlos
 SB-1303,Boston,34571,2288,4.9,11-10-2020,Aisha
 SB-1304,Seattle,114463,4200,,13-09-2020,Carlos
SB - 1305,Los Angeles,77941,2963,4.3,07-09-2020,Carlos
 SB-1306,Boston,78005,1667,4,13-09-2020,Wei
 SB-1307,Miami,106250,4393,4.7,03-10-2020,Priya
 SB-1308,Miami,78712,,2.6,01-03-2020,Carlos
 SB-1309,New York,63541,1596,3.1,20-05-2020,Liu
SB - 1310,Houston,43387,3179,3.7,25-02-2020,Aisha
 SB-1311,Chicago,113980,2347,3.1,15-03-2020,Emily
 SB-1312,Los Angeles,68908,4404,,06-08-2020,Carlos
 SB-1313,New York,105457,1004,4.4,01-05-2020,Aisha
 SB-1314,Phoenix,33057,,4.8,19-04-2020,Wei
SB - 1315,Seattle,84028,2121,3.6,28-01-2020,Robert
 SB-1316,Houston,75731,2972,3.4,22-05-2020,Robert
 SB-1317,Los Angeles,44858,3046,4.9,15-02-2020,Robert
 SB-1318,Miami,68689,1887,3.6,11-03-2020,Emily
 SB-1319,Los Angeles,64638,3494,3.7,20-06-2020,Aisha
SB - 1320,Chicago,111598,,,05-09-2020,Carlos
 SB-1321,Miami,66486,4316,3.4,02-04-2020,Priya
 SB-1322,Chicago,40567,1217,4.8,26-06-2020,Emily
 SB-1323,Phoenix,49739,3984,3.9,28-02-2020,Emily
 SB-1324,Seattle,77804,4934,4.4,19-07-2020,Robert
SB - 1325,Phoenix,23754,1158,4.5,27-09-2020,Priya
 SB-1326,New York,47044,,3.4,24-05-2020,Robert
 SB-1327,New York,87260,4508,3.6,06-11-2020,Emily
 SB-1328,Phoenix,86912,4734,,26-12-2020,Carlos
 SB-1329,Seattle,28706,4264,4.6,13-08-2020,Robert
SB - 1330,Phoenix,28894,3489,3.4,12-11-2020,Robert
 SB-1331,Seattle,38037,2604,4.5,19-03-2020,Liu
 SB-1332,Seattle,103986,,4.9,27-05-2020,Robert
 SB-1333,Boston,101942,1755,4.1,19-10-2020,Emily
 SB-1334,Miami,71612,2982,4.4,26-08-2020,Carlos
SB - 1335,Houston,49725,883,4.5,14-12-2020,Priya
 SB-1336,Seattle,25926,3107,,18-08-2020,John
 SB-1337,Chicago,29496,693,4.6,04-12-2020,Priya
 SB-1338,Seattle,76447,,3.5,17-10-2020,Carlos
 SB-1339,Seattle,49806,4307,2.6,12-04-2020,Wei
SB - 1340,Seattle,108199,4219,3.5,04-11-2020,Robert
 SB-1341,Boston,61321,3081,4.2,25-10-2020,Priya
 SB-1342,Miami,85095,3065,3.6,15-03-2020,Wei
 SB-1343,Boston,42656,3263,4.4,25-02-2020,Wei
 SB-1344,New York,75147,,,17-09-2020,Carlos
SB - 1345,Boston,111396,3298,3.4,26-06-2020,Carlos
 SB-1346,Chicago,69666,2839,4.1,03-08-2020,Liu
 SB-1347,Chicago,102368,3906,3,25-11-2020,Robert
 SB-1348,Boston,58787,1231,4.4,22-02-2020,John
 SB-1349,Miami,82946,3372,3.9,16-01-2020,Aisha
SB - 1350,Phoenix,41727,,3,03-07-2020,Emily
 SB-1351,Houston,115081,3620,3.2,04-07-2020,Priya
 SB-1352,Miami,88056,4677,,05-09-2020,Carlos
 SB-1353,Boston,23081,3104,4.4,15-03-2020,Priya
 SB-1354,Seattle,54196,2882,3.7,06-08-2020,Aisha
SB - 1355,Los Angeles,56735,1031,3,19-02-2020,Aisha
 SB-1356,Houston,100102,,4.9,15-08-2020,Robert
 SB-1357,Houston,99578,4816,4.3,07-10-2020,Wei
 SB-1358,Chicago,45498,1134,4.9,06-10-2020,Robert
 SB-1359,Houston,96865,2269,3.6,09-01-2020,Emily
SB - 1360,Boston,51656,4304,,05-03-2020,John
 SB-1361,Seattle,87695,2870,3.7,07-07-2020,Priya
 SB-1362,Seattle,57900,,4.7,20-03-2020,Emily
 SB-1363,New York,104899,502,3.8,07-10-2020,Liu
 SB-1364,Seattle,67701,705,4.3,02-08-2020,John
SB - 1365,Miami,39033,4635,3.1,23-09-2020,Priya
 SB-1366,Seattle,30805,3121,3.6,06-08-2020,Emily
 SB-1367,Chicago,55851,3390,2.8,09-06-2020,Carlos
 SB-1368,Seattle,46832,,,27-04-2020,Priya
 SB-1369,New York,83437,3693,3,05-11-2020,Emily
SB - 1370,Los Angeles,33944,3166,2.5,17-09-2020,Aisha
 SB-1371,Boston,39873,3806,2.6,07-04-2020,John
 SB-1372,Chicago,60372,1397,4.9,15-11-2020,Emily
 SB-1373,Miami,109464,1585,3.1,15-09-2020,Carlos
 SB-1374,Los Angeles,35379,,4.2,28-11-2020,Robert
SB - 1375,Chicago,56751,1779,4.6,22-10-2020,Priya
 SB-1376,Phoenix,109822,1170,,24-12-2020,Liu
 SB-1377,Houston,25110,2005,3.9,10-09-2020,Priya
 SB-1378,Phoenix,74341,4075,2.9,17-04-2020,Priya
 SB-1379,Seattle,32087,2455,4.3,18-08-2020,Carlos
SB - 1380,Los Angeles,43762,,4,16-11-2020,John
 SB-1381,Seattle,102617,749,4.3,07-01-2020,Priya
 SB-1382,Houston,29596,2392,4.4,10-12-2020,John
 SB-1383,Chicago,38313,3939,4.9,27-09-2020,Emily
 SB-1384,Houston,86549,2353,,28-12-2020,Aisha
SB - 1385,New York,43705,3354,3.9,03-09-2020,Liu
 SB-1386,Houston,87364,,3.4,23-06-2020,Aisha
 SB-1387,New York,93445,2003,4.1,25-10-2020,John
 SB-1388,Houston,98645,3885,2.7,24-02-2020,John
 SB-1389,Boston,22023,4071,4.7,04-07-2020,Aisha
SB - 1390,New York,79796,4292,2.8,24-02-2020,Priya
 SB-1391,Los Angeles,100073,3926,3.3,05-11-2020,Wei
 SB-1392,Seattle,112197,,,27-06-2020,Wei
 SB-1393,Miami,84429,543,4.5,15-07-2020,Carlos
 SB-1394,Seattle,81627,4112,4,01-10-2020,Liu
SB - 1395,Phoenix,53848,3118,3.5,04-08-2020,Robert
 SB-1396,Seattle,57804,3663,3.7,01-09-2020,Aisha
 SB-1397,Chicago,35379,1788,4.6,18-11-2020,Aisha
 SB-1398,Boston,79664,,3.4,11-06-2020,Carlos
 SB-1399,Houston,47766,3442,4.7,27-10-2020,Liu
SB - 1400,Phoenix,88099,719,,04-01-2020,Wei
 SB-1401,Chicago,56060,2425,2.7,15-08-2020,Emily
 SB-1402,Chicago,114733,3472,4.4,16-10-2020,Priya
 SB-1403,New York,89122,4013,4.6,13-05-2020,Priya
 SB-1404,Seattle,36087,,3,11-09-2020,Emily
SB - 1405,Los Angeles,68868,2948,3.6,06-11-2020,Emily
 SB-1406,Miami,43225,3971,2.9,22-01-2020,Liu
 SB-1407,Los Angeles,115286,3274,4.3,13-06-2020,Wei
 SB-1408,Phoenix,26643,1490,,24-06-2020,Carlos
 SB-1409,Boston,113059,3446,3.8,05-06-2020,Emily
SB - 1410,Los Angeles,56727,,4.1,18-11-2020,Carlos
 SB-1411,Houston,31005,2312,3,14-04-2020,Liu
 SB-1412,Los Angeles,85697,1303,3,05-10-2020,Robert
 SB-1413,Phoenix,36029,989,2.6,04-10-2020,John
 SB-1414,Miami,34226,4056,3.3,07-02-2020,Priya
SB - 1415,Los Angeles,83646,1993,3.9,16-10-2020,Wei
 SB-1416,Houston,80603,,,18-10-2020,Priya
 SB-1417,New York,48731,4145,4.6,21-01-2020,Wei
 SB-1418,Boston,88926,3391,4.2,13-12-2020,Liu
 SB-1419,Phoenix,25997,2205,3.6,01-01-2020,John
SB - 1420,New York,75506,4016,4.9,06-01-2020,Priya
 SB-1421,New York,98229,3840,4.3,26-09-2020,John
 SB-1422,New York,69815,,4.8,28-11-2020,Liu
 SB-1423,Chicago,62092,553,3.8,05-01-2020,Wei
 SB-1424,Boston,82539,3075,,25-09-2020,Emily
SB - 1425,Miami,86077,4091,3.1,16-01-2020,Robert
 SB-1426,Seattle,41817,1115,2.6,17-08-2020,Priya
 SB-1427,Boston,57861,1454,4.3,01-08-2020,John
 SB-1428,Chicago,33428,,2.8,05-12-2020,Aisha
 SB-1429,Seattle,63934,2933,3.3,06-08-2020,Priya
SB - 1430,Boston,30258,2129,3.8,01-09-2020,Priya
 SB-1431,New York,77775,3281,3.9,01-09-2020,Priya
 SB-1432,Phoenix,101580,1149,,10-10-2020,Carlos
 SB-1433,Seattle,114947,2847,4,17-03-2020,John
 SB-1434,Houston,25469,,2.9,28-03-2020,John
SB - 1435,Houston,48854,4990,3.4,18-11-2020,Priya
 SB-1436,Los Angeles,26256,3778,4,09-02-2020,Liu
 SB-1437,Seattle,96256,3140,4.9,17-08-2020,Liu
 SB-1438,Phoenix,53937,4301,4.3,14-12-2020,Emily
 SB-1439,Miami,119134,3061,4.8,17-04-2020,Priya
SB - 1440,Chicago,21651,,,12-01-2020,Carlos
 SB-1441,New York,70288,3749,4.4,20-12-2020,Wei
 SB-1442,Los Angeles,104730,870,4,03-02-2020,Carlos
 SB-1443,Houston,45051,1357,3,25-11-2020,Liu
 SB-1444,Chicago,47386,883,4.2,04-02-2020,Emily
SB - 1445,Chicago,95054,4377,4.1,18-01-2020,Liu
 SB-1446,New York,36184,,4,14-05-2020,Liu
 SB-1447,Miami,53787,3052,3.7,15-10-2020,Liu
 SB-1448,Miami,41621,4834,,16-01-2020,Priya
 SB-1449,Seattle,95564,4790,3.8,23-11-2020,Liu
SB - 1450,Houston,97984,3225,3.3,06-04-2020,John
 SB-1451,Miami,79792,4534,3.8,22-08-2020,Robert
 SB-1452,Phoenix,65253,,3,01-02-2020,Aisha
 SB-1453,Miami,54051,3793,4.5,24-08-2020,Priya
 SB-1454,Chicago,69811,4751,3,22-09-2020,Emily
SB - 1455,New York,50447,4488,2.7,17-12-2020,John
 SB-1456,Phoenix,103930,1422,,28-09-2020,Carlos
 SB-1457,Seattle,50254,3415,3.6,27-03-2020,Liu
 SB-1458,Houston,104045,,4.1,10-06-2020,Wei
 SB-1459,Seattle,77418,3450,3.6,27-10-2020,Wei
SB - 1460,Chicago,34472,3546,3.2,14-12-2020,Robert
 SB-1461,Phoenix,23471,1474,3.9,27-09-2020,Priya
 SB-1462,Phoenix,115804,1730,3.4,21-03-2020,Carlos
 SB-1463,Phoenix,28329,2935,4.8,10-05-2020,Robert
 SB-1464,Chicago,54865,,,04-07-2020,Aisha
SB - 1465,Chicago,66850,2314,4.8,20-11-2020,Aisha
 SB-1466,Seattle,74220,3434,3.8,25-07-2020,Robert
 SB-1467,Los Angeles,113808,1863,3.3,16-11-2020,Emily
 SB-1468,Seattle,26397,4440,4.3,04-04-2020,Wei
 SB-1469,Houston,117909,703,2.6,22-06-2020,Carlos
SB - 1470,New York,55525,,3.7,17-07-2020,Priya
 SB-1471,Phoenix,73072,660,3.3,03-11-2020,Liu
 SB-1472,Los Angeles,110106,4987,,06-09-2020,John
 SB-1473,New York,103820,1268,4.8,21-06-2020,Priya
 SB-1474,Los Angeles,104530,4248,2.5,16-11-2020,Priya
SB - 1475,Miami,43284,3081,3.9,27-03-2020,Carlos
 SB-1476,Miami,81330,,4.4,14-05-2020,Wei
 SB-1477,Boston,103369,1593,3.7,03-01-2020,Carlos
 SB-1478,Miami,45122,1107,2.7,16-04-2020,John
 SB-1479,Seattle,90553,2040,4.9,26-05-2020,Robert
SB - 1480,Miami,101906,3375,,04-09-2020,Carlos
 SB-1481,Chicago,114788,3691,3.8,26-03-2020,Emily
 SB-1482,Phoenix,82812,,4,13-01-2020,Priya
 SB-1483,Seattle,27999,2337,3.1,22-10-2020,Wei
 SB-1484,New York,42436,1189,3.7,26-07-2020,Liu
SB - 1485,Boston,62963,4259,3.6,28-08-2020,Aisha
 SB-1486,Boston,22096,3449,2.7,12-01-2020,John
 SB-1487,Boston,45279,2603,2.8,11-04-2020,Aisha
 SB-1488,New York,46201,,,02-05-2020,Priya
 SB-1489,New York,39715,865,4.6,08-01-2020,Carlos
SB - 1490,New York,49309,4075,3.1,21-06-2020,Aisha
 SB-1491,New York,35078,4699,3,13-09-2020,Emily
 SB-1492,Boston,76614,4672,3.8,16-11-2020,Carlos
 SB-1493,Boston,25105,4825,4.4,02-11-2020,Priya
 SB-1494,Los Angeles,114848,,2.7,12-10-2020,Aisha
SB - 1495,Seattle,22839,2878,3.9,11-08-2020,Liu
 SB-1496,Phoenix,88920,1705,,13-10-2020,Robert
 SB-1497,Miami,63619,4339,2.8,17-09-2020,John
 SB-1498,Miami,62821,3235,2.6,24-07-2020,Aisha
 SB-1499,Chicago,33493,3847,2.6,20-03-2020,Liu
SB - 1500,Boston,37069,,4.6,07-03-2020,Robert
 SB-1501,Chicago,27531,2175,2.8,19-09-2020,Robert
 SB-1502,Seattle,57051,798,2.6,08-06-2020,Aisha
 SB-1503,Seattle,27736,1456,3.6,18-06-2020,Wei
 SB-1504,Chicago,27710,1614,,02-07-2020,Aisha
SB - 1505,Boston,87155,3005,4.6,18-02-2020,Priya
 SB-1506,Chicago,33975,,3.2,01-11-2020,Robert
 SB-1507,Miami,82424,1974,3.6,01-11-2020,John
 SB-1508,Los Angeles,65603,4960,2.6,16-07-2020,Priya
 SB-1509,Miami,43252,4946,3.6,21-12-2020,Emily
SB - 1510,Houston,100797,4226,3.9,16-11-2020,Carlos
 SB-1511,Boston,21431,3971,3.9,17-03-2020,Aisha
 SB-1512,Boston,94603,,,26-11-2020,Wei
 SB-1513,Phoenix,57481,3328,3.3,11-06-2020,John
 SB-1514,New York,112573,3350,3.3,09-01-2020,Wei
SB - 1515,Houston,29557,3006,2.8,17-02-2020,Wei
 SB-1516,Seattle,94971,4270,3.4,23-12-2020,Wei
 SB-1517,Boston,20162,3464,2.7,22-06-2020,Aisha
 SB-1518,Chicago,54742,,4.4,11-05-2020,John
 SB-1519,Houston,39675,1449,4.9,27-04-2020,John
SB - 1520,Phoenix,93997,3350,,03-04-2020,Robert
 SB-1521,Seattle,37015,665,4.9,24-10-2020,Wei
 SB-1522,New York,70057,3986,4.7,25-07-2020,Robert
 SB-1523,New York,52591,3009,4,07-01-2020,Robert
 SB-1524,Phoenix,113583,,4.3,04-10-2020,Carlos
SB - 1525,Phoenix,29833,1419,3.2,13-07-2020,Aisha
 SB-1526,Chicago,27896,613,4.1,01-12-2020,Aisha
 SB-1527,Boston,52972,4004,3.6,19-05-2020,Priya
 SB-1528,New York,69733,1491,,20-05-2020,Liu
 SB-1529,Seattle,61800,4339,3.7,11-02-2020,Robert
SB - 1530,Houston,116044,,4.4,03-04-2020,Aisha
 SB-1531,Seattle,25347,1758,3.2,12-01-2020,Wei
 SB-1532,Los Angeles,79063,3926,3.3,08-10-2020,Liu
 SB-1533,Los Angeles,115850,1014,4.8,04-05-2020,Emily
 SB-1534,Phoenix,22643,3696,2.6,28-10-2020,Wei
SB - 1535,Chicago,60785,4934,3.7,20-05-2020,John
 SB-1536,Los Angeles,38681,,,21-03-2020,Aisha
 SB-1537,New York,70026,3084,4.8,15-04-2020,Liu
 SB-1538,Seattle,35892,567,4,12-01-2020,Aisha
 SB-1539,Seattle,67299,2096,3.9,10-03-2020,Priya
SB - 1540,Phoenix,37073,4978,3.1,24-10-2020,Robert
 SB-1541,Boston,50682,518,3.4,18-07-2020,Emily
 SB-1542,Boston,117798,,4.6,03-01-2020,Aisha
 SB-1543,Houston,116894,3230,3.9,26-05-2020,Priya
 SB-1544,Phoenix,34289,4021,,12-11-2020,Priya
SB - 1545,Miami,27927,1072,3.8,03-01-2020,Emily
 SB-1546,Houston,68330,2758,2.7,05-03-2020,Wei
 SB-1547,Miami,86707,3402,2.5,25-03-2020,Wei
 SB-1548,Boston,97454,,4.9,04-01-2020,Wei
 SB-1549,Phoenix,85428,1150,3.4,26-10-2020,Carlos
SB - 1550,Miami,70601,3087,4,17-04-2020,Robert
 SB-1551,Phoenix,97465,3762,2.7,27-02-2020,Liu
 SB-1552,Phoenix,22539,1838,,22-01-2020,Robert
 SB-1553,Boston,42669,4134,4.2,23-03-2020,Wei
 SB-1554,Houston,90968,,4.8,09-05-2020,Emily
SB - 1555,Houston,40644,3327,3.9,04-07-2020,Carlos
 SB-1556,Phoenix,38745,2717,2.8,05-05-2020,Robert
 SB-1557,Los Angeles,48228,4039,4,21-11-2020,Wei
 SB-1558,Chicago,54521,1537,4.4,09-10-2020,Carlos
 SB-1559,Boston,117239,4883,3.5,03-10-2020,Liu
SB - 1560,Chicago,46928,,,24-06-2020,Emily
 SB-1561,Chicago,38322,4478,4.7,09-11-2020,Wei
 SB-1562,Houston,77714,3461,4.1,28-07-2020,Liu
 SB-1563,Houston,107896,3726,4.7,01-03-2020,John
 SB-1564,Los Angeles,82292,1598,4.1,22-04-2020,Liu
SB - 1565,Chicago,49055,2824,2.8,14-03-2020,Aisha
 SB-1566,Chicago,62891,,3.3,22-01-2020,Emily
 SB-1567,Phoenix,101912,1439,3,25-01-2020,Liu
 SB-1568,Houston,26588,4216,,14-11-2020,Liu
 SB-1569,Chicago,110536,3914,4.8,16-12-2020,Priya
SB - 1570,Seattle,26304,1948,4.4,13-01-2020,Priya
 SB-1571,Los Angeles,27345,1070,4.2,17-06-2020,Liu
 SB-1572,Miami,49300,,3.3,23-12-2020,Liu
 SB-1573,Seattle,44259,3404,3,06-03-2020,Emily
 SB-1574,Seattle,111006,3005,4.4,01-07-2020,Priya
SB - 1575,Miami,108553,1417,3.7,05-01-2020,Robert
 SB-1576,Boston,35352,2374,,16-06-2020,Emily
 SB-1577,Boston,53365,2178,3.1,16-09-2020,John
 SB-1578,Los Angeles,39446,,4,13-01-2020,Emily
 SB-1579,Seattle,22336,1115,2.6,10-04-2020,Wei
SB - 1580,Chicago,82032,2249,3.3,10-08-2020,Wei
 SB-1581,Houston,95415,4325,3.7,13-09-2020,Carlos
 SB-1582,Los Angeles,117852,4688,2.9,27-03-2020,Priya
 SB-1583,Phoenix,118876,2977,5,20-02-2020,Liu
 SB-1584,Miami,27521,,,17-02-2020,Aisha
SB - 1585,Seattle,91707,4005,3,19-12-2020,Priya
 SB-1586,Los Angeles,43481,3975,2.8,13-07-2020,Robert
 SB-1587,New York,38474,1635,3,02-01-2020,Emily
 SB-1588,New York,66760,4500,4.4,24-01-2020,Aisha
 SB-1589,Boston,75718,874,3.6,24-05-2020,Aisha
SB - 1590,Miami,64629,,3.9,28-03-2020,Liu
 SB-1591,Houston,65232,706,2.6,24-07-2020,Liu
 SB-1592,Chicago,106544,1819,,13-06-2020,Priya
 SB-1593,Houston,87169,1641,2.6,28-07-2020,Aisha
 SB-1594,Houston,70669,3190,3.6,24-02-2020,Aisha
SB - 1595,Houston,98021,3755,4.5,07-05-2020,Wei
 SB-1596,Miami,89184,,4.7,05-01-2020,John
 SB-1597,Houston,67945,589,2.7,28-01-2020,Liu
 SB-1598,Phoenix,33140,4608,3.8,15-08-2020,Emily
 SB-1599,Miami,103457,3520,4.8,04-04-2020,Priya
SB - 1600,Phoenix,34357,2357,,05-02-2020,Liu
 SB-1601,Miami,88673,1304,3.5,25-01-2020,Wei
 SB-1602,Boston,85633,,4.6,06-05-2020,Robert
 SB-1603,Los Angeles,96943,1444,2.8,26-02-2020,Liu
 SB-1604,New York,116111,3289,4.8,01-10-2020,Robert
SB - 1605,Houston,98258,4375,4.4,07-04-2020,Carlos
 SB-1606,Boston,32924,2110,4.9,26-06-2020,Aisha
 SB-1607,Los Angeles,89286,3423,4.2,01-01-2020,Aisha
 SB-1608,New York,113269,,,20-08-2020,Priya
 SB-1609,Seattle,94071,4382,3.4,13-05-2020,John
SB - 1610,Chicago,77326,3721,4.8,24-07-2020,John
 SB-1611,Phoenix,110023,4891,3.2,23-10-2020,Priya
 SB-1612,Seattle,50651,2887,3.3,20-02-2020,Priya
 SB-1613,Miami,90202,1441,4.3,12-10-2020,Wei
 SB-1614,New York,68777,,4.4,10-01-2020,Robert
SB - 1615,Seattle,36994,3066,4.8,03-09-2020,Priya
 SB-1616,Chicago,87263,1475,,19-12-2020,Robert
 SB-1617,Boston,79634,1454,3,09-10-2020,Liu
 SB-1618,New York,30800,1762,4.5,19-10-2020,Liu
 SB-1619,Seattle,57823,1443,4.3,18-08-2020,Carlos
SB - 1620,Phoenix,83878,,2.7,02-03-2020,Robert
 SB-1621,Phoenix,38708,2702,3.5,18-01-2020,Wei
 SB-1622,Los Angeles,32819,3827,3.2,09-08-2020,Liu
 SB-1623,Seattle,94905,4774,3.3,07-02-2020,Aisha
 SB-1624,Houston,83870,2759,,19-05-2020,Aisha
SB - 1625,Seattle,29283,2328,5,15-09-2020,Liu
 SB-1626,Boston,50573,,4.1,11-06-2020,Liu
 SB-1627,New York,98707,1757,4.3,21-01-2020,Liu
 SB-1628,New York,50933,964,4.9,20-07-2020,Robert
 SB-1629,Boston,25774,3794,3.4,10-08-2020,Aisha
SB - 1630,Seattle,92055,1730,4.5,09-05-2020,Aisha
 SB-1631,Boston,30983,3154,3.6,25-09-2020,Emily
 SB-1632,Chicago,116468,,,02-01-2020,Liu
 SB-1633,Miami,116334,1384,4.7,14-03-2020,Carlos
 SB-1634,Boston,38133,4305,3,10-04-2020,Liu
SB - 1635,Phoenix,34939,4356,4.9,10-09-2020,Wei
 SB-1636,Boston,20781,3635,3,17-06-2020,Wei
 SB-1637,New York,76700,1424,3.3,25-12-2020,Aisha
 SB-1638,Phoenix,47624,,4.4,04-06-2020,Liu
 SB-1639,New York,26823,2046,3.5,03-04-2020,John
SB - 1640,Los Angeles,38489,1594,,19-07-2020,Wei
 SB-1641,Houston,59961,2911,4,26-02-2020,Liu
 SB-1642,New York,49118,3117,3.6,04-08-2020,Carlos
 SB-1643,Phoenix,101816,1262,4.4,17-08-2020,Priya
 SB-1644,Los Angeles,42263,,3.1,13-05-2020,Liu
SB - 1645,New York,33565,2823,2.6,01-09-2020,Carlos
 SB-1646,Chicago,40354,4645,3.2,13-11-2020,Aisha
 SB-1647,Boston,62951,3275,3.7,22-04-2020,Aisha
 SB-1648,Houston,111179,3655,,24-10-2020,Emily
 SB-1649,New York,43648,4470,2.9,05-03-2020,Robert
SB - 1650,Los Angeles,70729,,3.4,01-07-2020,Wei
 SB-1651,Chicago,61971,2540,3.5,12-07-2020,Robert
 SB-1652,Seattle,38658,1083,2.6,24-11-2020,Liu
 SB-1653,Los Angeles,41253,4831,4,25-08-2020,Robert
 SB-1654,Boston,84166,2603,4.7,28-06-2020,Wei
SB - 1655,Los Angeles,68563,2442,2.9,02-06-2020,Wei
 SB-1656,Chicago,46390,,,20-03-2020,Liu
 SB-1657,Los Angeles,108664,4955,4,24-04-2020,Aisha
 SB-1658,Chicago,71578,609,4.2,10-01-2020,Wei
 SB-1659,New York,99025,691,3.5,27-04-2020,John
SB - 1660,Miami,52658,1403,4.3,11-12-2020,John
 SB-1661,Chicago,26852,1361,3.5,20-11-2020,Priya
 SB-1662,Chicago,114986,,3.8,16-01-2020,Wei
 SB-1663,Houston,22551,1583,2.5,21-03-2020,Emily
 SB-1664,Chicago,91947,1149,,09-06-2020,Priya
SB - 1665,Chicago,81001,4634,4.2,09-09-2020,Aisha
 SB-1666,Seattle,69159,4111,4.2,17-11-2020,Wei
 SB-1667,Miami,71707,1136,2.6,25-12-2020,John
 SB-1668,New York,53243,,3.4,16-08-2020,Emily
 SB-1669,Boston,41800,1536,4.9,27-02-2020,Liu
SB - 1670,Houston,95939,4631,3.6,01-01-2020,Priya
 SB-1671,Seattle,77828,2648,3.8,06-12-2020,Emily
 SB-1672,Phoenix,27239,4365,,23-09-2020,Wei
 SB-1673,Miami,26710,3657,4.8,27-05-2020,Carlos
 SB-1674,New York,41384,,4.3,17-02-2020,Emily
SB - 1675,New York,41038,4087,4,01-02-2020,Emily
 SB-1676,Phoenix,60846,3794,4.5,22-03-2020,Aisha
 SB-1677,Boston,107983,4761,4.7,03-08-2020,John
 SB-1678,Chicago,87821,2930,3.6,25-10-2020,Liu
 SB-1679,Seattle,57991,2379,3.7,05-10-2020,Wei
SB - 1680,Los Angeles,99057,,,08-07-2020,Emily
 SB-1681,Houston,26971,4466,3.5,18-03-2020,Wei
 SB-1682,Los Angeles,49139,4213,4.9,21-02-2020,John
 SB-1683,Phoenix,105445,4626,4.2,15-01-2020,Aisha
 SB-1684,New York,97067,4606,2.7,25-02-2020,Wei
SB - 1685,Boston,100257,2511,4.7,16-07-2020,Robert
 SB-1686,New York,104742,,3.7,09-06-2020,John
 SB-1687,Houston,57711,3873,2.7,14-07-2020,John
 SB-1688,New York,26530,2643,,21-11-2020,Liu
 SB-1689,New York,31116,3000,3.9,06-09-2020,Priya
SB - 1690,Houston,85794,1789,3.5,27-06-2020,Aisha
 SB-1691,Seattle,20282,1947,4.7,16-04-2020,Aisha
 SB-1692,Seattle,99473,,3,17-12-2020,Liu
 SB-1693,Houston,21898,3699,4.6,27-05-2020,Robert
 SB-1694,Boston,24135,2443,3.9,13-09-2020,Wei
SB - 1695,Phoenix,26629,3683,2.6,24-08-2020,Carlos
 SB-1696,Miami,105120,3716,,12-05-2020,Robert
 SB-1697,New York,109087,3636,4.9,03-09-2020,Priya
 SB-1698,Boston,85031,,3.8,01-03-2020,Aisha
 SB-1699,New York,53380,3818,3.2,22-09-2020,John
SB - 1700,Miami,37071,3282,3.7,24-02-2020,Aisha
 SB-1701,Phoenix,40074,1490,4.6,09-12-2020,Robert
 SB-1702,Seattle,110724,2653,3.3,18-09-2020,Carlos
 SB-1703,Boston,87843,725,3,07-02-2020,Emily
 SB-1704,Chicago,59901,,,04-11-2020,Emily
SB - 1705,Chicago,31205,1276,2.8,24-01-2020,Liu
 SB-1706,Miami,75661,3337,3.2,14-02-2020,Aisha
 SB-1707,Chicago,25906,1187,4.5,05-03-2020,Aisha
 SB-1708,Seattle,22591,1029,3.7,23-03-2020,Priya
 SB-1709,Miami,82987,3942,3.1,18-07-2020,Aisha
SB - 1710,Seattle,83370,,2.9,27-07-2020,Carlos
 SB-1711,Phoenix,100685,2653,3.3,10-06-2020,Aisha
 SB-1712,New York,74400,1794,,13-09-2020,Wei
 SB-1713,Phoenix,45150,2026,4.8,02-09-2020,Robert
 SB-1714,Phoenix,51852,3396,3.4,05-07-2020,Liu
SB - 1715,Seattle,62870,3603,5,17-06-2020,Carlos
 SB-1716,Miami,72756,,3.7,22-07-2020,Priya
 SB-1717,Miami,76481,2940,2.9,17-04-2020,Wei
 SB-1718,Chicago,21283,4635,4.7,20-09-2020,Wei
 SB-1719,Los Angeles,53691,4302,3.7,24-02-2020,Robert
SB - 1720,New York,21125,1344,,21-02-2020,Emily
 SB-1721,Seattle,87065,946,4.3,22-11-2020,Carlos
 SB-1722,Chicago,46170,,5,13-11-2020,Robert
 SB-1723,Boston,28438,4415,2.6,27-08-2020,Wei
 SB-1724,Los Angeles,40095,3609,2.7,17-01-2020,Priya
SB - 1725,Los Angeles,36154,1734,4.3,04-12-2020,Robert
 SB-1726,Seattle,28004,726,3.2,13-05-2020,Emily
 SB-1727,Houston,29752,4643,3,27-09-2020,Wei
 SB-1728,New York,75426,,,23-07-2020,Robert
 SB-1729,Los Angeles,46819,3459,2.6,05-08-2020,Carlos
SB - 1730,Seattle,112051,2330,2.6,17-05-2020,Emily
 SB-1731,Seattle,44217,4279,4.4,06-09-2020,Carlos
 SB-1732,Chicago,108708,686,2.8,19-09-2020,Carlos
 SB-1733,Boston,52994,3377,3.7,02-05-2020,Carlos
 SB-1734,Houston,35036,,4,16-10-2020,Robert
SB - 1735,New York,97275,3035,3.6,15-05-2020,Emily
 SB-1736,Miami,117756,2432,,11-08-2020,Robert
 SB-1737,Phoenix,69416,3424,2.6,24-02-2020,Robert
 SB-1738,Boston,29587,1348,4.5,26-04-2020,Robert
 SB-1739,Boston,115665,2532,2.5,01-10-2020,Wei
SB - 1740,Chicago,20645,,4.4,13-05-2020,Aisha
 SB-1741,Miami,50930,1752,4.7,23-01-2020,John
 SB-1742,Los Angeles,101835,2381,3.6,03-08-2020,Wei
 SB-1743,Los Angeles,50090,769,3.8,07-03-2020,Emily
 SB-1744,Chicago,107489,2130,,03-04-2020,John
SB - 1745,Seattle,72142,4905,3.7,03-08-2020,John
 SB-1746,Los Angeles,46475,,3.5,18-07-2020,John
 SB-1747,Houston,38888,3703,4.7,11-11-2020,Aisha
 SB-1748,New York,63732,2074,4.7,28-01-2020,Robert
 SB-1749,Boston,101623,3392,3.3,08-06-2020,Liu
SB - 1750,Boston,66305,2195,4,10-01-2020,Priya
 SB-1751,Houston,66037,3758,4.8,25-12-2020,Emily
 SB-1752,Miami,29346,,,03-03-2020,Liu
 SB-1753,Los Angeles,20587,3762,4.9,11-04-2020,Aisha
 SB-1754,Boston,32763,1945,3.8,09-01-2020,Aisha
SB - 1755,Phoenix,79165,719,3.6,19-11-2020,Priya
 SB-1756,Miami,89615,552,3.2,16-10-2020,John
 SB-1757,New York,56116,2257,4.9,01-04-2020,Robert
 SB-1758,New York,105751,,2.9,13-04-2020,Priya
 SB-1759,Boston,111353,2166,3.9,05-01-2020,Liu
SB - 1760,Chicago,110301,3285,,14-05-2020,Liu
 SB-1761,Miami,115648,1219,3.2,23-11-2020,Priya
 SB-1762,Boston,45556,905,3.2,04-08-2020,Aisha
 SB-1763,Chicago,79042,2794,3.5,20-07-2020,Emily
 SB-1764,Boston,38099,,5,15-03-2020,Carlos
SB - 1765,Phoenix,65096,571,2.6,04-06-2020,Robert
 SB-1766,Miami,91986,2553,3.9,09-03-2020,Liu
 SB-1767,Seattle,33230,1729,2.7,13-05-2020,Liu
 SB-1768,New York,49009,2067,,28-07-2020,Priya
 SB-1769,Boston,90969,4182,2.9,10-06-2020,Robert
SB - 1770,Phoenix,53866,,3.6,23-05-2020,Priya
 SB-1771,Chicago,104246,3453,3.8,06-11-2020,John
 SB-1772,Chicago,96975,4982,3.1,02-10-2020,Robert
 SB-1773,New York,61855,1198,3.3,18-03-2020,John
 SB-1774,Houston,101557,1326,2.7,19-12-2020,Liu
SB - 1775,Boston,26416,848,3.3,08-01-2020,Aisha
 SB-1776,Miami,92516,,,16-06-2020,John
 SB-1777,Los Angeles,75915,4408,4.9,08-02-2020,Robert
 SB-1778,Chicago,38058,807,4.9,16-06-2020,Wei
 SB-1779,Miami,96637,3916,3.3,11-07-2020,Robert
SB - 1780,Miami,60718,2834,3.9,23-01-2020,Priya
 SB-1781,Seattle,52602,3309,4.8,11-03-2020,John
 SB-1782,Miami,94658,,2.5,08-12-2020,Emily
 SB-1783,Miami,98112,4058,4.5,04-06-2020,Wei
 SB-1784,Seattle,78067,4978,,08-11-2020,Aisha
SB - 1785,Chicago,47516,3977,4.9,26-09-2020,Carlos
 SB-1786,Miami,107969,3186,2.7,16-02-2020,Priya
 SB-1787,Houston,21089,3485,2.9,21-06-2020,Priya
 SB-1788,Houston,57346,,4.9,26-05-2020,Emily
 SB-1789,Phoenix,94663,775,3.8,19-11-2020,Carlos
SB - 1790,Seattle,30487,3047,2.5,08-12-2020,Liu
 SB-1791,Phoenix,20155,3264,3.1,16-08-2020,Carlos
 SB-1792,Seattle,87494,836,,05-12-2020,Aisha
 SB-1793,Boston,96229,2473,3.6,26-08-2020,Aisha
 SB-1794,Boston,58547,,4.2,19-08-2020,Wei
SB - 1795,Miami,48795,3479,4.3,09-02-2020,Liu
 SB-1796,Los Angeles,75296,4468,5,25-02-2020,Priya
 SB-1797,Boston,41447,1410,3.2,12-04-2020,John
 SB-1798,Los Angeles,56598,2496,3.8,10-02-2020,Aisha
 SB-1799,Boston,61814,3629,3.8,04-01-2020,Emily
SB - 1800,New York,110751,,,12-09-2020,Emily
 SB-1801,Boston,95330,4704,3.5,04-09-2020,Emily
 SB-1802,Phoenix,118745,4257,2.9,28-09-2020,Robert
 SB-1803,Chicago,107960,827,4.9,01-06-2020,Liu
 SB-1804,Miami,83278,2299,4.6,14-10-2020,Liu
SB - 1805,Phoenix,75077,814,3.7,25-06-2020,Aisha
 SB-1806,Chicago,91906,,4,06-02-2020,Aisha
 SB-1807,Houston,29528,4045,3.1,20-02-2020,Emily
 SB-1808,Phoenix,113812,1634,,13-08-2020,Liu
 SB-1809,Houston,70100,3246,3.9,11-07-2020,Liu
SB - 1810,Los Angeles,28179,2020,4.2,25-12-2020,Aisha
 SB-1811,Los Angeles,68781,655,3.8,17-07-2020,Robert
 SB-1812,New York,75267,,5,22-02-2020,John
 SB-1813,Boston,102379,2224,4,19-07-2020,John
 SB-1814,Phoenix,43952,3843,3.4,13-09-2020,Wei
SB - 1815,Houston,73798,1386,4.4,22-07-2020,Liu
 SB-1816,Chicago,118696,3573,,01-06-2020,Priya
 SB-1817,Los Angeles,70939,3305,2.9,26-05-2020,John
 SB-1818,Boston,49516,,3.5,23-03-2020,Wei
 SB-1819,Los Angeles,76526,1221,3.4,19-10-2020,Carlos
SB - 1820,Chicago,30449,1412,3.6,07-05-2020,Priya
 SB-1821,Boston,70290,3857,4.5,13-03-2020,Liu
 SB-1822,Boston,106661,1370,3.7,02-10-2020,John
 SB-1823,Houston,92954,4608,4.5,08-06-2020,Robert
 SB-1824,Houston,42746,,,25-04-2020,Carlos
SB - 1825,Phoenix,87990,997,3.9,28-12-2020,Wei
 SB-1826,Phoenix,78810,2256,3.4,07-08-2020,John
 SB-1827,Seattle,103297,1617,4.5,19-07-2020,Liu
 SB-1828,Miami,35223,3909,3.1,13-06-2020,John
 SB-1829,Seattle,92237,3328,3.1,01-05-2020,Aisha
SB - 1830,New York,22597,,3.8,19-11-2020,Carlos
 SB-1831,Los Angeles,85677,2147,3.2,01-12-2020,John
 SB-1832,Phoenix,22659,3483,,10-04-2020,Emily
 SB-1833,Houston,106516,642,2.5,27-03-2020,Robert
 SB-1834,Chicago,94567,3261,4.1,09-04-2020,Aisha
SB - 1835,Houston,35037,3935,3.8,28-03-2020,Aisha
 SB-1836,Los Angeles,66738,,3.6,06-06-2020,John
 SB-1837,Seattle,91678,2931,4.9,25-07-2020,Robert
 SB-1838,Houston,32109,2348,3.9,23-12-2020,Aisha
 SB-1839,Miami,42010,3196,4.7,16-01-2020,Priya
SB - 1840,New York,28787,2217,,05-08-2020,Carlos
 SB-1841,Los Angeles,28472,3572,2.8,10-09-2020,Priya
 SB-1842,Seattle,43383,,3.9,05-12-2020,Wei
 SB-1843,Miami,81709,1567,4.7,28-05-2020,Priya
 SB-1844,Chicago,89785,3286,4,18-12-2020,Robert
SB - 1845,Seattle,54518,4291,4.3,27-12-2020,Emily
 SB-1846,Boston,73909,1788,3.4,26-03-2020,Aisha
 SB-1847,Miami,38351,4371,2.7,07-09-2020,Robert
 SB-1848,Miami,89624,,,19-01-2020,Aisha
 SB-1849,New York,73330,2306,3.6,18-12-2020,Liu
SB - 1850,Los Angeles,35282,2004,3.5,25-01-2020,Emily
 SB-1851,Chicago,104866,3808,4.7,05-08-2020,Aisha
 SB-1852,New York,41778,3451,3.1,28-11-2020,Priya
 SB-1853,Seattle,44264,571,4.9,01-02-2020,Liu
 SB-1854,New York,79675,,4.9,11-07-2020,Liu
SB - 1855,Miami,25075,2190,3.1,18-11-2020,Wei
 SB-1856,Los Angeles,95948,1844,,02-01-2020,Liu
 SB-1857,Phoenix,68454,3803,3.4,07-07-2020,Liu
 SB-1858,New York,48365,3613,4.7,22-10-2020,John
 SB-1859,Boston,92766,1382,4.9,03-05-2020,Emily
SB - 1860,New York,68200,,3.6,03-12-2020,Priya
 SB-1861,Seattle,31002,4734,3.3,12-11-2020,Robert
 SB-1862,Seattle,33947,3162,3.8,04-09-2020,Priya
 SB-1863,Chicago,99222,2004,4.2,16-09-2020,Priya
 SB-1864,Seattle,114840,2963,,18-04-2020,John
SB - 1865,Houston,98610,3053,3.2,22-04-2020,Carlos
 SB-1866,Los Angeles,72142,,4.3,21-06-2020,Aisha
 SB-1867,Los Angeles,76307,1232,2.6,03-01-2020,Aisha
 SB-1868,Phoenix,24493,2248,2.6,22-05-2020,Robert
 SB-1869,Phoenix,70085,4424,3.5,14-01-2020,Liu
SB - 1870,Los Angeles,54228,923,3.4,03-09-2020,Wei
 SB-1871,Boston,99676,3978,3.3,13-10-2020,Robert
 SB-1872,Phoenix,71875,,,11-03-2020,Carlos
 SB-1873,Chicago,51655,2091,3.7,24-02-2020,Aisha
 SB-1874,Seattle,63472,4985,3.3,22-03-2020,Wei
SB - 1875,Los Angeles,69437,4937,3,07-02-2020,Robert
 SB-1876,Miami,69416,992,3.3,09-04-2020,Wei
 SB-1877,Phoenix,79711,691,4.9,09-10-2020,Priya
 SB-1878,Los Angeles,26816,,3.5,15-07-2020,Emily
 SB-1879,Houston,97175,998,3.6,08-12-2020,Priya
SB - 1880,New York,84307,1756,,11-03-2020,John
 SB-1881,Seattle,66733,2468,3.9,02-05-2020,Liu
 SB-1882,Los Angeles,115028,4822,5,16-10-2020,Aisha
 SB-1883,New York,31240,2686,3.1,13-07-2020,Wei
 SB-1884,Phoenix,118234,,4.2,09-08-2020,Robert
SB - 1885,New York,112493,1316,4.3,11-11-2020,Liu
 SB-1886,Seattle,118344,3720,4,26-07-2020,Emily
 SB-1887,Los Angeles,91363,1973,2.7,24-10-2020,Robert
 SB-1888,Houston,52762,1586,,25-12-2020,Aisha
 SB-1889,Boston,28259,4699,4.2,28-06-2020,Wei
SB - 1890,Phoenix,70139,,2.7,10-12-2020,Wei
 SB-1891,Los Angeles,34849,2374,4,18-02-2020,Priya
 SB-1892,Seattle,101768,1370,4.3,09-04-2020,Emily
 SB-1893,Phoenix,109709,2542,3,18-07-2020,Emily
 SB-1894,Chicago,74869,772,4.6,11-08-2020,Aisha
SB - 1895,New York,83095,1529,2.6,09-07-2020,Wei
 SB-1896,Boston,90910,,,03-08-2020,Liu
 SB-1897,Seattle,106710,3718,4.6,02-01-2020,Emily
 SB-1898,Chicago,43567,4569,3.7,16-02-2020,Emily
 SB-1899,Miami,55292,1551,3,22-04-2020,Robert
SB - 1900,Los Angeles,94813,4533,2.8,25-04-2020,Aisha
 SB-1901,Houston,117136,2073,4.9,06-04-2020,Priya
 SB-1902,Phoenix,71631,,2.7,26-06-2020,Robert
 SB-1903,New York,29885,3690,3,26-11-2020,Robert
 SB-1904,Phoenix,79659,4888,,24-01-2020,Carlos
SB - 1905,Boston,74306,4297,3.4,03-12-2020,John
 SB-1906,Los Angeles,86314,3789,4.1,03-06-2020,Carlos
 SB-1907,Phoenix,85087,4247,3.9,18-11-2020,Emily
 SB-1908,New York,49165,,2.8,16-05-2020,Wei
 SB-1909,Los Angeles,78929,2605,3.2,09-01-2020,John
SB - 1910,Phoenix,87028,807,3.1,23-11-2020,John
 SB-1911,Houston,115998,3859,3,20-03-2020,Wei
 SB-1912,Seattle,69812,3676,,03-06-2020,John
 SB-1913,Los Angeles,70500,1751,3.5,07-12-2020,Wei
 SB-1914,Seattle,99151,,4.3,09-06-2020,John
SB - 1915,Miami,78643,3247,3,15-12-2020,Robert
 SB-1916,Los Angeles,64900,2017,3.4,20-05-2020,Liu
 SB-1917,Houston,62946,1878,3.5,10-03-2020,Aisha
 SB-1918,Seattle,27851,2461,4.9,19-01-2020,Aisha
 SB-1919,Chicago,36288,4805,4.9,23-03-2020,Carlos
SB - 1920,New York,92692,,,13-07-2020,Robert
 SB-1921,Chicago,87580,3363,4.5,01-12-2020,John
 SB-1922,Phoenix,27368,3156,3.1,24-03-2020,Priya
 SB-1923,Houston,105436,2994,2.7,23-09-2020,Wei
 SB-1924,Chicago,116136,4505,3.3,28-07-2020,Robert
SB - 1925,Los Angeles,66403,4063,3.2,24-11-2020,John
 SB-1926,Phoenix,111170,,3.8,11-06-2020,Aisha
 SB-1927,Phoenix,29168,1422,4.4,15-03-2020,Aisha
 SB-1928,Chicago,106497,4732,,07-01-2020,Wei
 SB-1929,Miami,69879,4962,4.6,17-01-2020,Priya
SB - 1930,Chicago,79871,3459,4.6,26-09-2020,John
 SB-1931,Miami,109388,683,3.4,13-07-2020,John
 SB-1932,Houston,118646,,4.2,20-11-2020,Priya
 SB-1933,New York,52174,3858,3.3,01-06-2020,Priya
 SB-1934,Chicago,119751,1898,2.7,12-07-2020,Priya
SB - 1935,Boston,112491,3296,4.3,20-06-2020,Aisha
 SB-1936,Miami,26581,1036,,19-07-2020,Wei
 SB-1937,Chicago,91853,1773,2.5,04-01-2020,Robert
 SB-1938,Seattle,84046,,3.5,01-03-2020,Liu
 SB-1939,Los Angeles,69678,3467,3.3,27-02-2020,Priya
SB - 1940,Boston,46649,3549,4.2,15-05-2020,Wei
 SB-1941,Boston,108668,1596,4.4,01-08-2020,Carlos
 SB-1942,Miami,102325,1805,3.3,14-04-2020,John
 SB-1943,Seattle,34567,1415,4.5,05-04-2020,John
 SB-1944,Seattle,100404,,,13-07-2020,Liu
SB - 1945,Phoenix,109906,3581,3.2,24-12-2020,Liu
 SB-1946,Miami,116019,4747,3.6,01-06-2020,Emily
 SB-1947,New York,81944,1528,4.3,19-07-2020,Carlos
 SB-1948,Los Angeles,98002,2477,4.2,15-06-2020,Robert
 SB-1949,Houston,48803,3854,5,23-08-2020,Liu
SB - 1950,Boston,38230,,3.1,22-10-2020,Priya
 SB-1951,Houston,37862,3011,4.2,09-09-2020,Priya
 SB-1952,Chicago,63355,770,,17-01-2020,Robert
 SB-1953,Chicago,51259,1686,4,24-01-2020,Aisha
 SB-1954,Houston,119075,4700,4.8,13-12-2020,Carlos
SB - 1955,Chicago,107445,4264,2.9,14-12-2020,Priya
 SB-1956,New York,50795,,4.4,23-10-2020,Liu
 SB-1957,Seattle,28770,2898,3.9,02-03-2020,Emily
 SB-1958,Chicago,31093,4735,3.2,19-04-2020,Wei
 SB-1959,Phoenix,66571,4682,3.7,26-07-2020,John
SB - 1960,Chicago,20193,2211,,06-08-2020,Carlos
 SB-1961,Los Angeles,37569,2730,3.3,06-03-2020,John
 SB-1962,New York,31190,,3.9,28-02-2020,Wei
 SB-1963,Los Angeles,82824,628,4.7,11-07-2020,Carlos
 SB-1964,Los Angeles,62752,1769,3.9,07-10-2020,Liu
SB - 1965,Phoenix,52327,4172,4.1,24-04-2020,Wei
 SB-1966,New York,62070,2101,3.8,07-04-2020,Priya
 SB-1967,New York,105925,4470,2.6,12-04-2020,Robert
 SB-1968,Miami,60197,,,23-05-2020,Priya
 SB-1969,New York,22261,4744,3.1,19-10-2020,Liu
SB - 1970,New York,113905,1127,3.7,05-10-2020,Robert
 SB-1971,New York,46512,4297,3.3,19-11-2020,Priya
 SB-1972,Phoenix,26716,2544,3,03-05-2020,Wei
 SB-1973,Chicago,106795,4052,3.8,26-11-2020,Wei
 SB-1974,Miami,48933,,3.3,07-11-2020,Wei
SB - 1975,Los Angeles,24378,2841,3.1,25-01-2020,John
 SB-1976,New York,60583,3714,,21-09-2020,Liu
 SB-1977,Boston,105371,749,3.7,10-09-2020,Wei
 SB-1978,Chicago,49033,3425,2.8,05-06-2020,Priya
 SB-1979,Chicago,44000,1474,4.8,27-03-2020,Emily
SB - 1980,Los Angeles,95868,,4.7,08-11-2020,Liu
 SB-1981,Phoenix,62604,1825,4.3,10-04-2020,Wei
 SB-1982,Houston,88336,1483,2.8,22-03-2020,Emily
 SB-1983,Houston,115074,1388,4.4,09-08-2020,Robert
 SB-1984,Chicago,115655,3437,,21-06-2020,Priya
SB - 1985,Seattle,93869,2617,4.5,11-12-2020,Wei
 SB-1986,Seattle,25410,,4.4,18-02-2020,John
 SB-1987,Los Angeles,103375,3172,2.8,02-09-2020,John
 SB-1988,Houston,76044,1826,4.1,03-02-2020,Robert
 SB-1989,Chicago,83315,970,4.6,04-03-2020,Emily
SB - 1990,Phoenix,116055,2487,3.9,25-07-2020,Aisha
 SB-1991,Houston,91344,590,4.1,20-02-2020,John
 SB-1992,Chicago,26796,,,18-09-2020,Liu
 SB-1993,Chicago,106716,1029,3.6,11-10-2020,John
 SB-1994,New York,74245,4559,3.8,26-01-2020,John
SB - 1995,Phoenix,63056,3273,2.6,25-08-2020,Priya
 SB-1996,New York,37709,2186,4.1,24-07-2020,John
 SB-1997,Los Angeles,78557,691,2.7,16-04-2020,Carlos
 SB-1998,New York,37543,,3.6,13-04-2020,Wei
 SB-1999,Boston,57418,2486,3.2,24-02-2020,Robert
SB - 2000,New York,114611,4123,,02-11-2020,John
